field_expert,date,q_time,rs_time,start_time,q_count,rs_count,start_count,taurus,intice,demand_g,productivity_score,rs_rate,collection_rate
mark_messick,4/1/2019,14,13,30,10,5,4,1,22,5,97,12,11
mark_messick,4/2/2019,22,18,48,13,5,2,2,18,4,92,17,14
mark_messick,4/3/2019,20,11,43,13,10,4,3,36,5,93,10,22
mark_messick,4/4/2019,17,15,43,16,9,2,3,20,4,97,14,15
mark_messick,4/5/2019,18,15,48,12,8,2,3,39,6,97,11,28
mark_messick,4/6/2019,19,13,53,15,7,3,3,32,6,95,14,27
mark_messick,4/7/2019,19,10,49,18,9,3,3,17,6,97,16,27
mark_messick,4/8/2019,20,17,47,10,6,3,1,20,6,92,19,10
mark_messick,4/9/2019,18,14,40,15,7,2,2,16,5,96,10,10
mark_messick,4/10/2019,22,18,43,12,9,2,2,28,5,94,13,33
mark_messick,4/11/2019,18,19,54,18,6,4,1,21,4,94,11,10
mark_messick,4/12/2019,19,14,55,10,7,4,1,33,4,97,15,34
mark_messick,4/13/2019,17,12,38,16,7,4,1,13,5,92,11,10
mark_messick,4/14/2019,20,11,33,20,7,2,2,37,6,96,16,23
mark_messick,4/15/2019,22,14,48,17,7,4,2,30,5,94,11,26
mark_messick,4/16/2019,22,12,37,19,8,4,1,22,5,96,18,21
mark_messick,4/17/2019,20,16,41,14,5,2,3,24,6,96,15,28
mark_messick,4/18/2019,19,18,54,19,8,3,1,32,4,97,13,12
mark_messick,4/19/2019,22,11,55,17,9,4,2,12,6,92,16,40
mark_messick,4/20/2019,19,11,48,15,9,2,3,26,4,94,10,34
mark_messick,4/21/2019,20,14,49,11,9,2,1,30,4,97,19,40
mark_messick,4/22/2019,20,20,48,12,8,4,3,22,4,93,13,24
mark_messick,4/23/2019,18,15,40,13,7,3,1,23,4,93,16,10
mark_messick,4/24/2019,19,16,50,18,6,4,2,16,4,95,19,16
mark_messick,4/25/2019,19,12,37,16,8,4,2,38,4,95,13,28
mark_messick,4/26/2019,19,17,36,15,8,4,1,16,4,98,12,33
mark_messick,4/27/2019,20,19,49,13,7,2,3,32,6,93,10,39
mark_messick,4/28/2019,19,16,39,19,9,3,2,40,4,95,13,16
mark_messick,4/29/2019,17,11,50,15,8,4,3,27,5,97,10,33
mark_messick,4/30/2019,17,18,45,17,10,2,3,36,5,96,11,26
mark_messick,5/1/2019,19,11,42,18,10,3,2,22,4,98,17,15
mark_messick,5/2/2019,21,16,40,20,9,3,2,37,4,95,10,26
mark_messick,5/3/2019,20,12,31,16,9,3,1,37,6,93,17,13
mark_messick,5/4/2019,18,17,36,14,6,3,3,30,5,98,13,17
mark_messick,5/5/2019,19,19,36,12,7,4,2,20,5,95,18,23
mark_messick,5/6/2019,21,12,32,17,10,4,1,33,6,93,11,17
mark_messick,5/7/2019,19,12,33,17,9,4,2,15,4,95,17,26
mark_messick,5/8/2019,17,15,49,13,6,4,3,13,6,94,14,36
mark_messick,5/9/2019,22,14,55,17,5,2,2,25,5,92,16,16
mark_messick,5/10/2019,22,13,38,16,9,4,2,19,4,96,15,16
mark_messick,5/11/2019,21,15,38,11,6,3,3,30,6,97,18,25
mark_messick,5/12/2019,22,13,46,11,6,4,3,21,6,94,15,31
mark_messick,5/13/2019,21,12,44,18,6,2,1,25,5,93,13,25
mark_messick,5/14/2019,18,11,46,14,9,4,2,13,5,93,13,37
mark_messick,5/15/2019,17,14,34,13,10,4,1,30,6,92,16,16
mark_messick,5/16/2019,19,15,46,19,7,2,1,31,6,95,19,24
mark_messick,5/17/2019,19,10,48,14,8,3,2,40,6,93,14,31
mark_messick,5/18/2019,19,15,38,17,9,2,2,38,6,92,14,25
mark_messick,5/19/2019,20,16,48,17,7,2,2,11,6,93,11,32
mark_messick,5/20/2019,18,11,47,15,10,4,3,30,4,93,13,11
mark_messick,5/21/2019,17,13,40,13,8,2,2,15,5,92,11,19
mark_messick,5/22/2019,20,16,33,12,5,2,1,11,5,97,15,35
mark_messick,5/23/2019,18,18,50,14,9,3,2,25,4,94,16,11
mark_messick,5/24/2019,22,20,33,19,6,4,3,15,5,92,12,21
mark_messick,5/25/2019,21,11,51,16,7,3,3,33,6,96,17,14
mark_messick,5/26/2019,19,14,43,10,8,4,1,28,6,98,17,10
mark_messick,5/27/2019,21,11,47,15,8,2,2,11,6,97,12,18
mark_messick,5/28/2019,21,17,39,11,6,3,1,20,6,98,18,24
mark_messick,5/29/2019,17,13,52,19,7,3,1,37,6,96,14,35
mark_messick,5/30/2019,21,17,45,14,6,3,2,39,5,94,16,29
mark_messick,5/31/2019,17,17,31,10,10,3,2,37,5,92,19,32
mark_messick,6/1/2019,19,12,54,17,5,3,2,10,4,98,15,20
mark_messick,6/2/2019,20,19,36,11,7,3,3,24,4,92,16,24
mark_messick,6/3/2019,20,13,44,15,7,3,3,38,5,96,16,18
mark_messick,6/4/2019,19,10,33,13,5,4,3,39,6,92,19,25
mark_messick,6/5/2019,22,20,47,10,5,4,1,13,6,97,14,12
mark_messick,6/6/2019,22,17,32,17,7,2,2,39,6,95,14,19
mark_messick,6/7/2019,19,13,50,18,8,4,2,15,6,97,18,13
mark_messick,6/8/2019,22,20,47,19,6,3,1,17,4,92,12,10
mark_messick,6/9/2019,22,13,44,19,7,2,3,30,6,96,15,21
mark_messick,6/10/2019,21,12,41,12,10,4,3,33,4,95,15,34
mark_messick,6/11/2019,20,13,42,13,10,2,3,35,4,98,13,24
mark_messick,6/12/2019,22,17,47,16,8,4,2,27,5,96,12,23
mark_messick,6/13/2019,19,18,47,20,8,4,3,39,6,93,13,25
mark_messick,6/14/2019,22,20,32,10,5,4,2,27,5,94,14,37
mark_messick,6/15/2019,18,16,35,12,7,2,1,11,4,94,11,15
mark_messick,6/16/2019,17,19,43,10,5,4,1,38,5,92,14,20
mark_messick,6/17/2019,20,16,44,20,5,2,2,29,6,95,19,10
mark_messick,6/18/2019,18,11,47,10,7,2,1,13,4,98,19,19
mark_messick,6/19/2019,21,17,46,18,6,4,1,18,5,96,16,14
mark_messick,6/20/2019,21,16,38,12,6,2,1,17,6,96,13,15
mark_messick,6/21/2019,18,17,42,14,5,4,1,19,4,98,16,23
mark_messick,6/22/2019,21,11,39,17,9,3,3,10,6,92,13,37
mark_messick,6/23/2019,21,11,36,20,10,4,1,21,5,92,13,17
mark_messick,6/24/2019,18,20,33,19,8,2,2,35,6,97,12,11
mark_messick,6/25/2019,20,15,36,16,10,4,2,35,6,93,14,24
mark_messick,6/26/2019,21,15,31,20,7,3,1,27,5,93,16,21
mark_messick,6/27/2019,21,14,38,15,9,4,1,11,5,98,13,11
mark_messick,6/28/2019,20,10,43,20,8,2,2,39,4,93,15,14
mark_messick,6/29/2019,21,11,46,19,6,2,3,16,4,97,14,26
mark_messick,6/30/2019,20,12,50,12,5,3,3,17,4,94,10,24
mark_messick,7/1/2019,21,13,37,18,7,3,1,15,5,98,17,39
mark_messick,7/2/2019,18,19,34,12,7,3,2,28,6,96,17,11
mark_messick,7/3/2019,22,13,38,16,8,2,1,12,5,98,15,28
mark_messick,7/4/2019,19,18,39,19,8,2,3,12,5,93,12,34
mark_messick,7/5/2019,20,13,30,12,10,4,1,15,5,96,12,35
mark_messick,7/6/2019,18,14,40,20,6,2,3,27,4,92,11,21
mark_messick,7/7/2019,19,20,50,19,8,3,1,22,6,94,10,28
mark_messick,7/8/2019,21,10,30,13,5,4,3,15,6,97,17,13
mark_messick,7/9/2019,18,14,35,16,7,3,3,16,5,98,15,30
mark_messick,7/10/2019,18,11,42,12,6,2,2,12,4,92,16,29
mark_messick,7/11/2019,20,19,48,18,6,3,2,14,6,94,10,35
mark_messick,7/12/2019,21,18,38,13,9,2,3,16,4,92,16,28
mark_messick,7/13/2019,22,10,51,15,9,2,2,18,6,96,17,35
mark_messick,7/14/2019,19,18,34,15,8,2,2,14,5,98,11,30
mark_messick,7/15/2019,20,20,40,15,5,3,2,25,5,92,11,25
mark_messick,7/16/2019,22,14,37,15,10,2,3,16,4,96,17,21
mark_messick,7/17/2019,20,17,48,11,8,3,3,38,4,93,15,31
mark_messick,7/18/2019,18,18,52,16,7,3,2,18,4,95,17,30
mark_messick,7/19/2019,19,20,51,20,6,2,2,13,5,96,10,33
mark_messick,7/20/2019,20,12,46,13,7,3,3,39,5,97,14,39
mark_messick,7/21/2019,22,18,40,16,7,4,3,20,4,92,12,25
mark_messick,7/22/2019,20,18,37,10,7,2,1,38,4,94,19,35
mark_messick,7/23/2019,21,17,45,13,10,4,2,34,4,95,14,34
mark_messick,7/24/2019,20,15,46,20,7,4,2,11,5,93,19,37
mark_messick,7/25/2019,18,16,53,12,8,3,3,11,6,92,18,16
mark_messick,7/26/2019,19,18,47,18,8,2,1,37,5,94,15,34
mark_messick,7/27/2019,20,20,30,13,10,2,2,28,6,98,14,12
mark_messick,7/28/2019,20,17,32,10,6,4,1,16,5,94,19,19
mark_messick,7/29/2019,18,11,36,17,8,4,3,37,4,92,17,38
mark_messick,7/30/2019,19,15,48,10,7,2,2,17,4,95,17,37
mark_messick,7/31/2019,19,14,30,13,7,2,2,20,5,98,13,34
mark_messick,8/1/2019,17,16,35,12,5,3,1,26,5,93,13,11
mark_messick,8/2/2019,22,11,54,16,8,3,2,18,6,96,12,21
mark_messick,8/3/2019,21,12,45,12,8,2,1,10,6,92,16,25
mark_messick,8/4/2019,22,10,33,10,6,2,2,18,5,98,15,19
mark_messick,8/5/2019,19,17,55,14,6,2,3,12,4,95,13,39
mark_messick,8/6/2019,21,15,53,15,7,4,2,40,6,93,19,17
mark_messick,8/7/2019,19,12,35,18,9,4,2,40,6,92,13,28
mark_messick,8/8/2019,17,15,53,17,5,2,1,12,4,93,12,26
mark_messick,8/9/2019,17,10,41,11,8,2,2,22,5,94,16,35
mark_messick,8/10/2019,18,10,54,14,5,2,2,17,6,94,18,31
mark_messick,8/11/2019,22,20,30,14,10,4,1,25,6,97,15,25
mark_messick,8/12/2019,17,14,31,17,5,4,3,12,6,97,12,30
mark_messick,8/13/2019,20,12,30,11,6,2,2,17,4,98,13,19
mark_messick,8/14/2019,22,18,39,20,6,3,3,19,4,98,13,30
mark_messick,8/15/2019,17,18,30,12,9,3,3,22,5,92,10,35
mark_messick,8/16/2019,22,18,54,18,5,4,3,12,4,94,16,20
mark_messick,8/17/2019,17,12,48,14,6,3,1,20,6,96,18,36
mark_messick,8/18/2019,19,17,40,18,7,2,3,35,4,96,10,32
mark_messick,8/19/2019,17,17,52,11,10,4,1,35,5,93,14,18
mark_messick,8/20/2019,20,12,32,14,8,2,1,36,5,95,12,38
mark_messick,8/21/2019,21,14,38,13,10,3,1,13,5,95,18,33
mark_messick,8/22/2019,17,17,33,20,10,4,2,34,6,97,10,16
mark_messick,8/23/2019,17,15,33,17,10,4,1,36,6,95,15,19
mark_messick,8/24/2019,18,14,43,12,9,2,1,24,5,97,18,36
mark_messick,8/25/2019,21,15,55,10,7,4,3,15,6,92,17,28
mark_messick,8/26/2019,19,11,41,19,7,3,1,21,6,95,12,22
mark_messick,8/27/2019,20,17,52,16,8,2,3,34,5,93,16,10
mark_messick,8/28/2019,17,17,37,15,10,3,1,16,6,94,14,20
mark_messick,8/29/2019,20,16,42,13,10,3,3,24,6,92,18,24
mark_messick,8/30/2019,22,13,39,19,5,3,1,38,4,93,12,38
mark_messick,8/31/2019,22,20,36,11,10,3,1,37,4,97,11,35
mark_messick,9/1/2019,21,16,40,16,8,3,2,16,4,97,18,31
mark_messick,9/2/2019,22,10,44,17,5,4,2,12,5,94,16,32
mark_messick,9/3/2019,17,10,39,14,8,2,3,31,5,96,14,15
mark_messick,9/4/2019,18,13,55,13,8,4,1,22,4,93,17,23
mark_messick,9/5/2019,21,17,51,18,5,3,2,27,4,96,16,13
mark_messick,9/6/2019,20,15,37,13,6,4,1,12,6,93,11,26
mark_messick,9/7/2019,21,15,35,17,9,2,2,31,6,93,16,23
mark_messick,9/8/2019,18,17,41,11,7,2,3,15,4,98,15,27
mark_messick,9/9/2019,20,14,33,20,5,3,3,21,4,93,10,31
mark_messick,9/10/2019,20,16,55,13,5,2,1,17,4,95,18,37
mark_messick,9/11/2019,18,15,35,10,8,2,1,39,5,94,12,13
mark_messick,9/12/2019,18,11,31,12,7,4,3,14,5,95,17,10
mark_messick,9/13/2019,20,17,30,19,5,3,2,12,5,94,13,16
mark_messick,9/14/2019,20,14,49,18,5,2,2,34,6,98,18,31
mark_messick,9/15/2019,22,13,41,20,10,3,3,25,5,98,19,25
mark_messick,9/16/2019,20,19,36,12,10,4,2,15,4,95,13,28
mark_messick,9/17/2019,22,12,37,12,10,3,1,38,4,94,17,29
mark_messick,9/18/2019,20,14,54,17,8,3,2,40,4,97,17,17
mark_messick,9/19/2019,18,20,39,11,5,4,2,39,6,97,15,21
mark_messick,9/20/2019,18,17,33,10,6,4,2,27,6,96,12,35
mark_messick,9/21/2019,22,10,44,10,8,4,3,40,4,92,17,35
mark_messick,9/22/2019,20,10,49,12,7,3,3,20,6,96,17,28
mark_messick,9/23/2019,18,11,45,10,8,2,3,22,6,97,10,26
mark_messick,9/24/2019,22,11,52,20,9,4,3,24,5,93,14,16
mark_messick,9/25/2019,18,10,35,17,8,3,3,11,5,95,13,21
mark_messick,9/26/2019,18,18,52,17,7,3,2,15,5,97,11,15
mark_messick,9/27/2019,18,10,42,16,9,2,2,37,6,93,14,35
mark_messick,9/28/2019,19,19,31,10,7,2,3,20,4,96,16,15
mark_messick,9/29/2019,22,20,53,17,7,3,1,32,4,96,18,10
mark_messick,9/30/2019,17,15,32,11,7,3,3,10,5,94,15,35
mark_messick,10/1/2019,21,10,55,11,7,2,3,18,5,93,16,10
mark_messick,10/2/2019,18,14,49,17,6,2,1,35,6,94,16,24
mark_messick,10/3/2019,19,19,49,14,6,3,3,38,6,98,13,28
mark_messick,10/4/2019,17,10,54,14,5,3,1,24,5,92,16,26
mark_messick,10/5/2019,22,16,49,12,9,3,1,33,4,92,19,38
mark_messick,10/6/2019,22,19,36,10,5,3,3,26,6,92,17,23
mark_messick,10/7/2019,22,15,36,12,6,3,1,16,6,94,14,19
mark_messick,10/8/2019,19,20,53,13,5,4,1,25,5,93,12,25
mark_messick,10/9/2019,22,14,32,10,8,2,3,20,6,97,16,36
mark_messick,10/10/2019,21,15,48,10,8,4,2,34,6,97,13,37
mark_messick,10/11/2019,19,19,43,14,6,3,2,15,5,98,17,17
mark_messick,10/12/2019,18,20,42,20,8,4,3,37,6,97,19,10
mark_messick,10/13/2019,20,10,33,18,6,3,3,38,5,98,14,14
mark_messick,10/14/2019,18,17,54,15,6,4,1,21,6,93,14,16
mark_messick,10/15/2019,21,14,53,20,10,3,1,14,6,94,15,36
mark_messick,10/16/2019,21,16,31,14,8,3,1,21,4,95,12,24
mark_messick,10/17/2019,22,10,50,17,9,2,2,16,5,93,13,31
mark_messick,10/18/2019,22,14,55,12,10,3,1,23,6,98,12,23
mark_messick,10/19/2019,21,18,30,16,7,2,2,18,5,92,11,25
mark_messick,10/20/2019,19,14,38,13,6,4,2,11,4,93,11,12
mark_messick,10/21/2019,21,20,30,17,7,4,3,38,4,97,13,27
mark_messick,10/22/2019,20,11,54,13,5,2,1,24,4,98,11,34
mark_messick,10/23/2019,18,16,47,12,5,3,2,24,5,93,11,21
mark_messick,10/24/2019,21,11,48,10,5,3,2,27,6,96,15,24
mark_messick,10/25/2019,20,13,54,13,9,4,1,15,4,93,13,16
mark_messick,10/26/2019,17,12,51,10,8,3,1,34,6,94,11,40
mark_messick,10/27/2019,18,16,44,10,9,4,2,35,4,94,14,16
mark_messick,10/28/2019,17,17,41,15,9,2,1,24,4,97,16,30
mark_messick,10/29/2019,22,20,30,18,9,4,2,25,4,92,11,11
mark_messick,10/30/2019,21,15,42,20,9,2,2,17,6,95,14,40
mark_messick,10/31/2019,20,15,35,19,8,4,3,30,4,95,14,11
mark_messick,11/1/2019,17,14,32,10,5,4,3,37,6,93,11,20
mark_messick,11/2/2019,22,16,48,16,7,2,3,11,5,98,19,22
mark_messick,11/3/2019,21,20,35,18,10,2,2,32,4,98,12,10
mark_messick,11/4/2019,18,14,44,16,6,2,1,25,4,95,15,39
mark_messick,11/5/2019,22,16,31,10,7,2,2,37,5,92,18,26
mark_messick,11/6/2019,20,16,52,14,5,3,2,11,6,95,16,13
mark_messick,11/7/2019,21,13,46,11,6,4,1,32,5,92,14,38
mark_messick,11/8/2019,21,16,54,20,8,4,3,21,6,92,18,12
mark_messick,11/9/2019,22,18,51,15,10,3,1,17,5,96,17,17
mark_messick,11/10/2019,18,13,38,18,6,3,2,30,4,95,18,28
mark_messick,11/11/2019,18,19,43,15,9,4,3,21,5,94,18,14
mark_messick,11/12/2019,21,13,55,12,7,4,2,27,4,96,10,14
mark_messick,11/13/2019,17,13,43,14,5,4,3,15,6,98,16,32
mark_messick,11/14/2019,22,16,31,17,6,4,1,31,5,92,10,37
mark_messick,11/15/2019,22,15,45,15,7,4,1,40,5,92,11,39
mark_messick,11/16/2019,22,13,48,18,10,2,2,39,5,93,13,16
mark_messick,11/17/2019,22,13,33,12,8,4,1,37,6,98,10,15
mark_messick,11/18/2019,20,12,49,20,9,3,3,19,4,92,10,27
mark_messick,11/19/2019,19,15,43,11,6,4,2,19,4,98,13,21
mark_messick,11/20/2019,20,14,55,18,6,3,1,11,4,96,17,10
mark_messick,11/21/2019,17,10,54,18,6,3,1,38,5,92,10,38
mark_messick,11/22/2019,22,12,30,19,6,4,2,10,6,95,13,39
mark_messick,11/23/2019,17,20,54,11,5,2,3,18,5,92,19,26
mark_messick,11/24/2019,21,11,53,13,8,3,1,38,6,98,17,14
mark_messick,11/25/2019,17,20,41,15,7,3,2,12,5,94,19,27
mark_messick,11/26/2019,19,20,45,11,5,3,2,12,6,94,19,18
mark_messick,11/27/2019,17,16,32,12,9,2,2,34,6,93,18,39
mark_messick,11/28/2019,18,11,38,17,8,4,2,39,4,94,19,14
mark_messick,11/29/2019,18,13,40,18,5,3,2,16,4,94,16,35
mark_messick,11/30/2019,20,13,40,19,7,4,1,29,5,96,15,22
mark_messick,12/1/2019,20,18,53,18,9,3,1,10,4,93,15,27
mark_messick,12/2/2019,22,10,45,19,6,4,1,38,6,94,16,32
mark_messick,12/3/2019,17,12,53,14,6,4,2,13,6,95,13,22
mark_messick,12/4/2019,21,19,46,18,6,2,3,24,5,98,17,11
mark_messick,12/5/2019,18,14,34,16,7,2,3,21,6,96,15,37
mark_messick,12/6/2019,22,10,40,13,9,2,3,37,5,97,17,14
mark_messick,12/7/2019,21,15,37,12,9,4,1,27,6,93,10,26
mark_messick,12/8/2019,22,16,53,13,6,2,3,11,4,96,18,33
mark_messick,12/9/2019,21,14,51,20,6,3,1,31,4,97,12,35
mark_messick,12/10/2019,20,15,32,16,5,4,1,26,4,97,14,35
mark_messick,12/11/2019,19,15,36,10,9,3,2,32,5,96,12,31
mark_messick,12/12/2019,18,14,45,18,7,3,1,36,5,93,16,25
mark_messick,12/13/2019,20,20,44,11,7,3,2,38,5,98,18,40
mark_messick,12/14/2019,18,13,51,12,10,2,1,15,4,97,13,32
mark_messick,12/15/2019,17,13,48,18,5,3,3,26,6,95,11,34
mark_messick,12/16/2019,18,17,49,11,7,2,3,37,4,94,18,34
mark_messick,12/17/2019,19,14,35,12,6,4,1,23,6,92,16,39
mark_messick,12/18/2019,18,18,54,12,7,4,1,34,4,94,13,25
mark_messick,12/19/2019,22,12,39,10,10,2,1,27,4,93,19,11
mark_messick,12/20/2019,19,15,34,13,6,2,3,35,6,95,17,26
mark_messick,12/21/2019,20,14,51,15,5,3,2,20,5,95,18,35
mark_messick,12/22/2019,18,20,52,12,6,4,1,32,4,92,15,15
mark_messick,12/23/2019,17,18,50,17,8,4,1,24,6,98,18,33
mark_messick,12/24/2019,17,20,50,16,9,3,3,28,4,93,13,12
mark_messick,12/25/2019,19,12,45,14,6,2,3,19,5,93,16,20
mark_messick,12/26/2019,21,10,43,11,10,4,3,18,6,95,12,21
mark_messick,12/27/2019,18,16,32,20,10,2,1,25,6,93,12,27
mark_messick,12/28/2019,19,13,51,11,7,3,1,21,4,97,14,26
mark_messick,12/29/2019,18,17,32,13,9,2,2,25,6,94,17,34
mark_messick,12/30/2019,17,10,36,17,6,3,2,17,6,94,14,20
mark_messick,12/31/2019,20,10,38,14,7,2,1,33,6,95,11,19
tyler_maun,4/1/2019,16,19,52,11,10,3,3,17,5,98,16,10
tyler_maun,4/2/2019,18,14,44,13,5,2,3,34,6,97,13,11
tyler_maun,4/3/2019,21,11,53,17,9,4,1,24,5,96,10,25
tyler_maun,4/4/2019,17,13,48,14,5,4,3,22,5,92,17,30
tyler_maun,4/5/2019,18,13,54,13,6,3,3,16,5,95,18,29
tyler_maun,4/6/2019,18,10,45,15,7,3,2,39,5,98,11,30
tyler_maun,4/7/2019,20,16,48,20,5,2,2,36,6,95,11,35
tyler_maun,4/8/2019,22,18,53,18,9,3,1,13,6,98,12,31
tyler_maun,4/9/2019,21,19,50,13,9,3,1,24,4,98,13,38
tyler_maun,4/10/2019,21,14,32,19,6,3,2,24,6,96,12,10
tyler_maun,4/11/2019,20,14,46,12,7,4,1,32,5,98,11,12
tyler_maun,4/12/2019,17,20,37,14,7,4,1,40,4,94,12,22
tyler_maun,4/13/2019,19,12,49,17,8,3,3,22,6,93,17,23
tyler_maun,4/14/2019,19,13,44,13,10,2,3,37,4,96,18,32
tyler_maun,4/15/2019,17,17,34,18,6,3,3,26,5,98,11,33
tyler_maun,4/16/2019,22,15,45,18,10,2,2,35,4,93,16,21
tyler_maun,4/17/2019,17,17,55,12,9,3,2,15,6,97,14,31
tyler_maun,4/18/2019,18,10,36,18,6,3,2,20,6,98,16,39
tyler_maun,4/19/2019,18,11,55,15,6,2,3,10,4,98,16,25
tyler_maun,4/20/2019,22,17,54,15,10,3,1,16,4,97,11,11
tyler_maun,4/21/2019,21,10,52,12,6,2,1,29,4,96,12,29
tyler_maun,4/22/2019,20,20,52,16,8,3,1,39,5,98,13,36
tyler_maun,4/23/2019,19,18,31,10,7,3,1,39,4,98,12,20
tyler_maun,4/24/2019,17,20,55,17,6,4,2,29,5,96,10,21
tyler_maun,4/25/2019,17,17,51,11,8,2,2,18,6,95,16,30
tyler_maun,4/26/2019,20,20,42,15,9,4,1,25,5,92,13,10
tyler_maun,4/27/2019,20,10,48,20,5,4,3,24,5,93,18,10
tyler_maun,4/28/2019,18,17,35,14,6,2,3,14,5,98,14,40
tyler_maun,4/29/2019,21,11,46,18,10,4,2,18,5,95,17,39
tyler_maun,4/30/2019,20,13,49,15,5,2,3,25,5,92,17,34
tyler_maun,5/1/2019,19,20,33,12,5,3,3,37,5,92,11,27
tyler_maun,5/2/2019,18,11,33,13,7,2,2,32,6,96,16,27
tyler_maun,5/3/2019,18,17,54,13,7,3,3,30,4,97,12,18
tyler_maun,5/4/2019,17,18,31,10,5,4,2,40,6,96,14,30
tyler_maun,5/5/2019,19,11,33,11,9,2,2,27,4,94,18,32
tyler_maun,5/6/2019,17,12,40,19,9,3,1,31,4,98,15,31
tyler_maun,5/7/2019,20,10,47,17,9,2,2,35,4,93,11,29
tyler_maun,5/8/2019,19,16,42,17,6,2,1,10,4,96,19,37
tyler_maun,5/9/2019,21,13,31,20,6,3,2,13,5,95,14,40
tyler_maun,5/10/2019,18,18,45,11,5,3,3,35,5,98,15,39
tyler_maun,5/11/2019,17,13,40,20,10,2,1,26,4,93,10,14
tyler_maun,5/12/2019,21,14,35,19,5,3,3,34,6,97,16,31
tyler_maun,5/13/2019,18,18,31,16,5,2,3,28,6,94,18,28
tyler_maun,5/14/2019,18,12,40,18,7,3,3,40,5,94,14,36
tyler_maun,5/15/2019,18,10,46,10,9,3,3,36,5,93,12,26
tyler_maun,5/16/2019,22,10,32,14,5,3,3,21,6,95,12,36
tyler_maun,5/17/2019,21,15,31,11,8,3,2,17,6,98,12,39
tyler_maun,5/18/2019,18,18,54,19,5,3,1,15,6,93,11,11
tyler_maun,5/19/2019,19,18,34,17,9,3,2,18,4,92,13,27
tyler_maun,5/20/2019,17,18,31,13,8,3,3,31,4,96,10,24
tyler_maun,5/21/2019,18,15,52,19,5,3,1,13,6,96,10,31
tyler_maun,5/22/2019,18,16,37,11,9,4,2,11,6,95,11,34
tyler_maun,5/23/2019,17,13,31,20,8,2,2,21,4,96,17,30
tyler_maun,5/24/2019,22,20,53,14,8,3,2,16,6,92,17,15
tyler_maun,5/25/2019,18,17,30,16,6,2,2,13,6,98,18,30
tyler_maun,5/26/2019,22,13,46,19,5,3,3,24,4,94,16,10
tyler_maun,5/27/2019,20,14,54,16,10,4,3,35,4,93,17,21
tyler_maun,5/28/2019,19,14,44,12,8,3,3,34,4,96,15,10
tyler_maun,5/29/2019,20,20,37,11,9,4,1,22,5,92,11,35
tyler_maun,5/30/2019,19,18,53,14,7,4,1,12,6,94,12,18
tyler_maun,5/31/2019,17,14,44,15,10,3,3,33,5,94,11,14
tyler_maun,6/1/2019,22,19,51,11,6,2,2,21,6,93,15,29
tyler_maun,6/2/2019,19,17,52,11,6,2,2,11,4,96,19,38
tyler_maun,6/3/2019,20,16,34,11,10,2,2,24,6,93,13,19
tyler_maun,6/4/2019,21,19,36,12,10,2,1,18,6,94,11,32
tyler_maun,6/5/2019,21,11,35,20,9,4,3,16,4,93,14,21
tyler_maun,6/6/2019,21,13,50,19,9,2,3,28,4,95,19,20
tyler_maun,6/7/2019,18,17,34,16,9,3,2,24,4,95,18,30
tyler_maun,6/8/2019,21,10,55,11,10,3,3,37,4,95,15,29
tyler_maun,6/9/2019,22,16,30,14,9,3,1,37,5,96,18,21
tyler_maun,6/10/2019,22,11,30,11,8,2,3,29,5,96,13,37
tyler_maun,6/11/2019,19,17,42,10,9,3,3,37,4,92,11,37
tyler_maun,6/12/2019,18,14,47,16,5,4,1,10,6,96,17,23
tyler_maun,6/13/2019,17,11,37,18,8,3,3,31,4,98,13,40
tyler_maun,6/14/2019,19,11,38,20,7,2,2,17,6,96,11,17
tyler_maun,6/15/2019,17,11,54,14,9,2,1,10,6,92,12,27
tyler_maun,6/16/2019,20,14,37,20,6,2,3,23,4,95,17,32
tyler_maun,6/17/2019,18,13,44,16,10,4,2,34,6,92,17,40
tyler_maun,6/18/2019,22,17,55,11,7,3,1,16,5,92,11,32
tyler_maun,6/19/2019,18,11,41,19,7,2,2,20,4,98,14,25
tyler_maun,6/20/2019,20,10,49,19,8,3,1,19,6,95,16,15
tyler_maun,6/21/2019,17,15,40,20,6,3,3,38,4,98,18,12
tyler_maun,6/22/2019,20,17,49,17,8,3,1,10,5,94,13,28
tyler_maun,6/23/2019,20,18,40,10,6,3,3,17,5,98,16,40
tyler_maun,6/24/2019,17,10,40,12,10,2,3,20,5,94,18,39
tyler_maun,6/25/2019,21,15,30,15,10,3,1,38,4,94,19,23
tyler_maun,6/26/2019,19,12,31,16,10,2,2,13,5,98,16,13
tyler_maun,6/27/2019,19,20,38,11,6,3,3,21,6,97,18,31
tyler_maun,6/28/2019,20,20,42,16,6,3,2,29,6,93,11,40
tyler_maun,6/29/2019,21,12,50,16,7,3,1,22,6,92,15,13
tyler_maun,6/30/2019,20,14,45,19,8,2,2,12,4,93,19,30
tyler_maun,7/1/2019,20,10,55,14,7,3,3,13,5,92,15,18
tyler_maun,7/2/2019,22,20,39,19,6,4,3,32,6,98,18,35
tyler_maun,7/3/2019,21,15,41,16,7,4,1,36,4,98,10,26
tyler_maun,7/4/2019,22,19,41,11,7,3,2,14,6,92,16,27
tyler_maun,7/5/2019,21,16,49,15,7,4,1,30,4,92,11,27
tyler_maun,7/6/2019,18,11,44,15,6,4,2,23,5,94,10,32
tyler_maun,7/7/2019,22,12,32,15,10,3,2,34,5,94,12,15
tyler_maun,7/8/2019,21,10,32,18,5,2,2,27,6,93,19,12
tyler_maun,7/9/2019,18,11,32,13,8,3,3,26,4,95,11,37
tyler_maun,7/10/2019,19,10,47,14,10,3,1,24,6,93,15,26
tyler_maun,7/11/2019,21,18,41,20,7,4,3,36,4,97,14,39
tyler_maun,7/12/2019,19,19,54,19,8,4,1,29,4,95,13,28
tyler_maun,7/13/2019,22,17,43,10,6,3,3,28,6,98,15,29
tyler_maun,7/14/2019,17,19,45,15,9,4,2,39,5,93,13,15
tyler_maun,7/15/2019,17,17,51,10,6,2,1,30,6,96,19,40
tyler_maun,7/16/2019,20,12,47,20,9,4,2,27,4,95,11,21
tyler_maun,7/17/2019,22,16,31,11,5,2,1,23,6,96,15,16
tyler_maun,7/18/2019,20,12,43,10,9,2,3,37,4,97,19,20
tyler_maun,7/19/2019,19,14,35,20,8,2,2,37,6,95,13,23
tyler_maun,7/20/2019,20,17,40,14,5,3,3,35,4,97,16,20
tyler_maun,7/21/2019,20,18,39,14,7,3,2,18,5,97,17,40
tyler_maun,7/22/2019,20,15,36,17,6,2,3,21,5,93,15,25
tyler_maun,7/23/2019,19,13,30,10,8,2,2,10,5,93,14,10
tyler_maun,7/24/2019,22,14,40,15,6,2,1,21,4,92,15,33
tyler_maun,7/25/2019,20,20,46,15,5,3,3,22,4,93,11,35
tyler_maun,7/26/2019,19,18,34,13,7,4,1,24,5,96,16,10
tyler_maun,7/27/2019,22,17,35,20,6,2,3,21,6,93,16,22
tyler_maun,7/28/2019,21,14,52,15,6,4,2,13,5,98,15,34
tyler_maun,7/29/2019,17,18,55,18,6,3,1,15,5,94,13,23
tyler_maun,7/30/2019,22,18,36,20,10,3,1,22,6,96,14,37
tyler_maun,7/31/2019,19,17,32,13,9,3,2,32,6,94,17,34
tyler_maun,8/1/2019,22,18,30,10,8,4,3,14,4,92,13,15
tyler_maun,8/2/2019,20,12,46,11,8,4,2,38,4,97,16,19
tyler_maun,8/3/2019,21,13,47,12,5,4,3,20,4,96,14,36
tyler_maun,8/4/2019,20,20,35,15,7,4,1,26,6,94,10,17
tyler_maun,8/5/2019,21,16,31,19,6,2,2,39,5,94,18,32
tyler_maun,8/6/2019,20,17,43,16,10,3,2,18,6,95,16,25
tyler_maun,8/7/2019,21,13,37,15,5,2,1,25,6,93,15,29
tyler_maun,8/8/2019,20,11,34,16,7,4,3,21,4,92,16,14
tyler_maun,8/9/2019,22,16,49,17,7,2,3,37,5,98,12,17
tyler_maun,8/10/2019,17,18,33,14,8,4,1,15,6,92,13,35
tyler_maun,8/11/2019,20,17,34,18,6,2,2,32,4,94,10,35
tyler_maun,8/12/2019,17,16,30,20,7,3,1,18,6,97,12,19
tyler_maun,8/13/2019,20,15,47,16,5,4,2,26,6,98,12,36
tyler_maun,8/14/2019,21,11,44,15,7,4,2,40,6,95,10,37
tyler_maun,8/15/2019,17,17,54,16,10,3,2,40,5,98,19,24
tyler_maun,8/16/2019,18,13,39,14,10,3,3,32,5,96,14,35
tyler_maun,8/17/2019,17,10,55,17,6,2,1,28,6,97,18,38
tyler_maun,8/18/2019,17,15,35,18,7,3,1,26,5,97,11,36
tyler_maun,8/19/2019,18,12,40,17,9,3,3,39,5,95,16,31
tyler_maun,8/20/2019,19,20,43,11,10,3,2,22,5,95,13,25
tyler_maun,8/21/2019,19,18,32,20,9,2,1,35,6,95,17,26
tyler_maun,8/22/2019,18,19,30,20,8,2,3,14,5,95,15,20
tyler_maun,8/23/2019,22,17,45,16,9,2,1,33,6,93,18,10
tyler_maun,8/24/2019,17,14,49,15,7,2,2,34,6,93,10,27
tyler_maun,8/25/2019,18,15,48,16,8,2,2,16,5,95,16,13
tyler_maun,8/26/2019,21,14,45,14,5,3,1,19,4,96,16,28
tyler_maun,8/27/2019,19,19,30,10,5,4,1,13,5,97,19,15
tyler_maun,8/28/2019,19,16,47,14,9,4,2,39,6,96,19,38
tyler_maun,8/29/2019,17,12,35,20,6,3,3,13,4,92,18,27
tyler_maun,8/30/2019,17,19,49,13,9,2,1,16,6,92,10,21
tyler_maun,8/31/2019,22,10,36,18,7,3,2,40,6,97,19,19
tyler_maun,9/1/2019,20,19,49,20,10,4,3,22,4,98,11,34
tyler_maun,9/2/2019,20,10,32,18,9,4,2,31,6,93,18,11
tyler_maun,9/3/2019,17,17,41,13,7,4,3,29,4,97,17,39
tyler_maun,9/4/2019,18,13,42,18,6,3,1,37,4,94,10,22
tyler_maun,9/5/2019,18,15,48,17,10,2,2,15,5,95,18,22
tyler_maun,9/6/2019,20,11,40,20,9,4,3,22,6,92,19,11
tyler_maun,9/7/2019,20,19,30,18,7,3,2,35,6,93,14,11
tyler_maun,9/8/2019,21,10,44,17,9,4,3,31,6,93,19,22
tyler_maun,9/9/2019,18,13,32,16,8,3,3,38,5,97,19,34
tyler_maun,9/10/2019,22,15,50,13,9,2,1,35,4,98,18,21
tyler_maun,9/11/2019,17,19,37,15,5,3,3,30,6,92,15,23
tyler_maun,9/12/2019,20,10,34,20,10,2,1,33,5,96,18,18
tyler_maun,9/13/2019,17,13,43,17,5,4,2,10,4,94,16,34
tyler_maun,9/14/2019,19,13,48,13,8,2,3,13,6,96,11,24
tyler_maun,9/15/2019,18,20,46,18,5,4,3,38,6,92,12,28
tyler_maun,9/16/2019,21,13,50,14,10,4,1,29,4,96,19,13
tyler_maun,9/17/2019,17,14,32,11,5,4,3,11,6,96,18,12
tyler_maun,9/18/2019,21,11,43,18,9,2,2,23,5,93,10,29
tyler_maun,9/19/2019,20,17,47,18,5,4,2,20,5,96,14,22
tyler_maun,9/20/2019,20,14,47,19,5,3,1,19,5,96,15,16
tyler_maun,9/21/2019,22,20,36,20,7,3,1,40,6,93,11,27
tyler_maun,9/22/2019,18,17,53,13,7,2,2,16,4,97,16,24
tyler_maun,9/23/2019,17,20,39,11,7,4,2,11,4,97,18,24
tyler_maun,9/24/2019,21,20,37,13,8,4,2,37,6,96,18,11
tyler_maun,9/25/2019,19,17,50,14,8,2,2,20,5,98,19,13
tyler_maun,9/26/2019,17,10,33,12,6,3,2,34,5,92,13,12
tyler_maun,9/27/2019,18,19,34,13,7,4,2,25,4,97,19,38
tyler_maun,9/28/2019,18,10,38,15,5,3,3,40,5,94,14,40
tyler_maun,9/29/2019,21,15,55,16,9,4,1,11,4,94,19,26
tyler_maun,9/30/2019,22,10,30,17,10,4,3,17,5,92,18,27
tyler_maun,10/1/2019,19,17,39,14,7,4,2,20,6,97,18,16
tyler_maun,10/2/2019,19,16,45,20,5,4,2,13,6,97,17,35
tyler_maun,10/3/2019,17,13,36,18,10,3,1,28,4,96,16,40
tyler_maun,10/4/2019,22,13,47,20,7,3,1,10,4,97,18,32
tyler_maun,10/5/2019,18,12,46,18,6,4,3,38,6,94,14,16
tyler_maun,10/6/2019,17,14,46,19,9,2,3,30,6,97,18,31
tyler_maun,10/7/2019,19,20,42,13,9,2,3,27,6,94,16,38
tyler_maun,10/8/2019,17,16,45,14,8,3,1,38,4,93,17,29
tyler_maun,10/9/2019,22,10,52,20,9,3,3,27,4,95,17,23
tyler_maun,10/10/2019,22,19,45,12,6,3,1,25,4,94,15,20
tyler_maun,10/11/2019,19,12,30,13,9,3,2,25,5,93,16,31
tyler_maun,10/12/2019,18,16,55,14,10,3,2,27,6,95,11,25
tyler_maun,10/13/2019,21,19,45,10,10,3,1,31,5,92,19,32
tyler_maun,10/14/2019,21,12,36,15,8,4,1,21,4,97,13,27
tyler_maun,10/15/2019,19,13,49,16,5,3,3,30,6,92,13,31
tyler_maun,10/16/2019,22,15,53,10,9,4,1,10,5,93,13,24
tyler_maun,10/17/2019,19,16,38,16,8,3,2,26,6,96,11,39
tyler_maun,10/18/2019,19,12,37,10,6,3,3,30,6,93,17,22
tyler_maun,10/19/2019,18,18,34,13,5,3,3,14,5,92,17,17
tyler_maun,10/20/2019,22,18,32,17,5,4,3,36,6,93,15,27
tyler_maun,10/21/2019,19,10,41,11,6,2,2,32,6,98,14,18
tyler_maun,10/22/2019,21,14,37,15,7,4,2,34,5,95,18,30
tyler_maun,10/23/2019,17,11,49,10,9,3,2,33,5,97,17,11
tyler_maun,10/24/2019,20,20,30,18,5,2,2,11,6,92,19,37
tyler_maun,10/25/2019,20,17,43,14,8,3,2,38,4,93,17,21
tyler_maun,10/26/2019,19,19,51,17,7,3,2,23,4,97,10,39
tyler_maun,10/27/2019,20,12,45,13,8,2,3,32,4,95,17,23
tyler_maun,10/28/2019,18,15,52,19,5,4,3,12,5,94,17,23
tyler_maun,10/29/2019,18,17,47,14,5,2,3,14,4,97,18,25
tyler_maun,10/30/2019,20,11,38,19,10,2,2,40,5,93,18,18
tyler_maun,10/31/2019,22,20,35,12,5,3,3,31,5,97,16,12
tyler_maun,11/1/2019,18,13,50,17,7,4,1,13,6,97,16,29
tyler_maun,11/2/2019,18,16,36,17,8,3,3,28,5,95,18,11
tyler_maun,11/3/2019,17,19,44,17,6,2,3,28,5,96,19,33
tyler_maun,11/4/2019,19,11,50,19,6,3,2,16,6,97,19,11
tyler_maun,11/5/2019,19,18,41,15,8,3,3,23,4,98,13,26
tyler_maun,11/6/2019,17,14,30,14,5,4,2,33,4,92,15,37
tyler_maun,11/7/2019,20,11,49,14,8,4,2,23,4,95,17,38
tyler_maun,11/8/2019,18,19,31,15,7,4,3,24,6,96,10,16
tyler_maun,11/9/2019,22,12,41,12,7,2,3,37,4,96,17,25
tyler_maun,11/10/2019,18,18,41,15,10,3,1,34,4,93,17,21
tyler_maun,11/11/2019,22,14,55,16,10,3,2,13,5,95,17,37
tyler_maun,11/12/2019,19,15,31,12,7,3,1,14,6,98,10,24
tyler_maun,11/13/2019,20,18,54,14,6,2,1,10,6,92,18,39
tyler_maun,11/14/2019,22,15,32,18,7,2,1,24,6,92,11,11
tyler_maun,11/15/2019,21,11,40,19,5,4,2,19,6,96,12,14
tyler_maun,11/16/2019,21,13,45,11,9,3,1,10,5,97,12,19
tyler_maun,11/17/2019,20,16,38,14,7,2,2,36,4,95,18,19
tyler_maun,11/18/2019,22,17,44,16,10,2,1,39,4,93,10,11
tyler_maun,11/19/2019,18,11,35,13,6,2,2,15,6,98,19,24
tyler_maun,11/20/2019,20,18,48,15,6,4,3,11,5,92,18,15
tyler_maun,11/21/2019,20,19,37,10,5,4,1,30,6,93,18,29
tyler_maun,11/22/2019,20,18,50,15,5,2,1,40,4,95,18,37
tyler_maun,11/23/2019,18,18,41,16,6,2,1,28,4,98,17,23
tyler_maun,11/24/2019,17,13,35,19,7,2,2,21,4,94,15,24
tyler_maun,11/25/2019,21,11,34,10,8,2,1,25,6,96,16,32
tyler_maun,11/26/2019,18,16,40,15,5,3,2,13,6,92,12,31
tyler_maun,11/27/2019,21,11,46,18,6,3,1,13,5,93,12,33
tyler_maun,11/28/2019,20,16,31,17,7,4,1,20,5,97,13,19
tyler_maun,11/29/2019,19,13,48,16,8,2,3,11,6,97,14,32
tyler_maun,11/30/2019,19,20,53,10,8,4,2,36,6,93,16,32
tyler_maun,12/1/2019,21,20,38,18,10,2,3,39,4,97,11,32
tyler_maun,12/2/2019,20,14,40,18,6,2,3,39,4,93,17,38
tyler_maun,12/3/2019,19,12,30,20,5,3,3,31,6,96,19,39
tyler_maun,12/4/2019,17,13,40,19,9,2,2,37,6,92,10,21
tyler_maun,12/5/2019,17,18,37,14,10,2,2,29,6,93,13,18
tyler_maun,12/6/2019,19,15,51,10,6,4,3,31,5,96,10,18
tyler_maun,12/7/2019,18,10,33,20,8,3,1,24,5,94,11,29
tyler_maun,12/8/2019,18,11,33,12,5,2,1,36,6,96,11,10
tyler_maun,12/9/2019,19,16,36,11,5,3,2,19,6,98,18,36
tyler_maun,12/10/2019,18,19,51,20,6,3,2,24,5,96,17,30
tyler_maun,12/11/2019,17,19,53,10,8,3,2,34,5,95,17,12
tyler_maun,12/12/2019,18,20,30,18,10,4,1,25,5,97,12,31
tyler_maun,12/13/2019,18,18,51,15,5,4,2,40,6,95,19,19
tyler_maun,12/14/2019,17,11,37,19,8,4,3,38,6,95,10,20
tyler_maun,12/15/2019,17,17,55,11,7,4,3,34,6,95,11,17
tyler_maun,12/16/2019,22,18,49,10,5,3,1,25,5,92,12,39
tyler_maun,12/17/2019,22,18,35,18,5,2,2,10,5,95,15,36
tyler_maun,12/18/2019,18,19,55,10,9,3,1,40,5,97,18,37
tyler_maun,12/19/2019,18,16,44,16,9,3,3,31,4,98,11,19
tyler_maun,12/20/2019,17,13,30,14,7,2,2,40,4,98,18,24
tyler_maun,12/21/2019,21,16,45,14,7,2,2,18,4,93,17,10
tyler_maun,12/22/2019,21,16,38,12,6,3,1,25,4,95,11,28
tyler_maun,12/23/2019,21,20,51,16,6,2,2,18,5,93,18,28
tyler_maun,12/24/2019,22,17,47,10,5,2,3,21,6,93,13,26
tyler_maun,12/25/2019,19,16,43,19,7,3,1,33,5,93,17,33
tyler_maun,12/26/2019,20,13,49,15,6,2,2,31,6,92,13,31
tyler_maun,12/27/2019,19,17,33,12,10,2,3,18,6,97,18,38
tyler_maun,12/28/2019,19,16,53,18,7,4,1,12,6,98,18,22
tyler_maun,12/29/2019,20,11,49,14,8,4,2,39,6,97,11,35
tyler_maun,12/30/2019,18,11,47,10,8,4,2,13,4,98,12,10
tyler_maun,12/31/2019,19,20,40,17,6,3,2,35,4,98,17,26
josh_fowler,4/1/2019,16,20,36,11,8,4,2,12,6,92,18,18
josh_fowler,4/2/2019,21,12,31,16,6,4,1,11,4,93,17,33
josh_fowler,4/3/2019,19,15,44,18,5,3,1,17,5,93,15,33
josh_fowler,4/4/2019,22,15,55,15,6,4,1,29,6,94,12,35
josh_fowler,4/5/2019,17,12,34,13,8,4,2,37,5,92,11,13
josh_fowler,4/6/2019,22,18,32,20,6,4,1,29,5,95,10,23
josh_fowler,4/7/2019,18,17,55,17,9,4,1,25,5,94,12,18
josh_fowler,4/8/2019,21,20,49,12,6,3,3,14,6,96,16,11
josh_fowler,4/9/2019,18,20,45,20,6,4,3,37,6,96,12,28
josh_fowler,4/10/2019,22,19,53,13,8,4,2,15,5,98,10,32
josh_fowler,4/11/2019,22,15,43,20,7,2,3,10,4,94,16,27
josh_fowler,4/12/2019,19,13,38,17,8,2,2,23,6,93,16,16
josh_fowler,4/13/2019,20,14,34,15,8,4,2,36,5,94,19,38
josh_fowler,4/14/2019,22,13,45,14,10,4,3,25,5,92,15,32
josh_fowler,4/15/2019,19,10,41,18,9,4,1,25,4,92,13,25
josh_fowler,4/16/2019,17,10,52,17,9,3,3,31,5,95,15,17
josh_fowler,4/17/2019,17,11,51,19,6,2,1,33,6,95,13,13
josh_fowler,4/18/2019,17,16,47,16,7,2,1,30,5,92,13,22
josh_fowler,4/19/2019,21,18,41,17,10,4,2,28,4,92,16,38
josh_fowler,4/20/2019,18,15,41,13,5,2,1,32,6,96,12,24
josh_fowler,4/21/2019,19,13,40,12,9,3,3,14,6,97,19,26
josh_fowler,4/22/2019,18,19,34,20,6,4,1,32,5,95,15,39
josh_fowler,4/23/2019,19,13,41,19,6,4,2,12,6,94,12,36
josh_fowler,4/24/2019,17,13,31,20,6,3,1,27,4,95,18,35
josh_fowler,4/25/2019,21,19,40,17,5,2,1,16,4,98,16,22
josh_fowler,4/26/2019,19,16,46,15,7,3,1,19,5,95,19,38
josh_fowler,4/27/2019,20,16,49,17,10,2,1,37,5,95,12,16
josh_fowler,4/28/2019,19,12,36,15,8,4,2,35,6,98,13,13
josh_fowler,4/29/2019,20,16,41,11,10,4,2,18,5,95,13,22
josh_fowler,4/30/2019,22,13,35,11,6,3,2,32,4,97,19,18
josh_fowler,5/1/2019,22,15,49,12,7,4,2,37,6,95,13,38
josh_fowler,5/2/2019,18,18,55,13,8,4,3,25,4,97,17,32
josh_fowler,5/3/2019,17,10,49,13,5,2,3,24,4,95,13,10
josh_fowler,5/4/2019,17,20,55,13,5,2,2,39,4,94,10,30
josh_fowler,5/5/2019,19,13,42,12,7,4,2,17,6,98,14,29
josh_fowler,5/6/2019,19,18,46,16,10,3,2,11,6,93,11,16
josh_fowler,5/7/2019,19,12,46,10,7,2,2,34,4,92,14,18
josh_fowler,5/8/2019,22,11,55,14,10,2,3,25,4,92,18,40
josh_fowler,5/9/2019,21,17,49,15,10,3,3,10,6,93,10,27
josh_fowler,5/10/2019,17,13,44,12,10,3,3,21,5,98,11,25
josh_fowler,5/11/2019,22,20,55,20,5,2,1,23,5,94,16,21
josh_fowler,5/12/2019,21,15,46,15,9,3,3,25,4,95,13,24
josh_fowler,5/13/2019,20,15,32,15,9,4,1,24,4,97,10,16
josh_fowler,5/14/2019,17,14,50,10,6,4,2,29,5,93,12,19
josh_fowler,5/15/2019,20,14,46,20,9,4,2,34,6,94,16,34
josh_fowler,5/16/2019,22,15,53,10,10,4,2,37,6,93,17,13
josh_fowler,5/17/2019,19,13,34,17,10,3,2,25,6,97,13,17
josh_fowler,5/18/2019,17,17,32,10,5,3,1,27,6,97,11,15
josh_fowler,5/19/2019,19,11,31,14,8,3,3,26,6,94,12,27
josh_fowler,5/20/2019,21,11,51,20,5,3,1,14,5,92,18,34
josh_fowler,5/21/2019,20,18,35,19,5,4,1,12,5,95,10,25
josh_fowler,5/22/2019,19,12,55,19,9,4,1,14,5,96,17,29
josh_fowler,5/23/2019,21,14,37,20,5,4,3,31,6,96,12,31
josh_fowler,5/24/2019,21,18,35,12,8,3,2,40,4,93,17,32
josh_fowler,5/25/2019,21,13,41,11,6,3,1,26,6,98,19,30
josh_fowler,5/26/2019,21,16,40,12,10,2,2,21,6,96,10,20
josh_fowler,5/27/2019,17,15,47,19,10,3,2,15,4,98,13,37
josh_fowler,5/28/2019,18,18,40,10,8,2,1,21,4,93,13,14
josh_fowler,5/29/2019,21,17,41,19,5,3,2,14,4,93,19,35
josh_fowler,5/30/2019,18,16,46,10,10,4,1,20,6,97,13,11
josh_fowler,5/31/2019,21,18,40,17,9,4,1,12,6,94,14,28
josh_fowler,6/1/2019,18,20,49,17,9,3,2,40,5,97,15,29
josh_fowler,6/2/2019,20,17,53,11,8,3,3,31,5,98,14,30
josh_fowler,6/3/2019,17,13,40,17,7,2,1,36,6,98,14,15
josh_fowler,6/4/2019,22,10,52,15,7,2,1,19,4,92,17,23
josh_fowler,6/5/2019,17,12,31,14,6,2,2,18,5,94,16,35
josh_fowler,6/6/2019,17,17,40,14,10,2,1,39,6,93,15,32
josh_fowler,6/7/2019,17,12,44,15,8,3,3,20,5,94,13,40
josh_fowler,6/8/2019,18,17,34,15,8,2,3,32,4,92,12,18
josh_fowler,6/9/2019,17,14,48,20,9,2,1,35,4,92,12,24
josh_fowler,6/10/2019,22,10,45,14,10,4,2,18,5,97,13,22
josh_fowler,6/11/2019,21,13,31,14,6,2,3,34,5,97,16,16
josh_fowler,6/12/2019,18,10,47,19,7,3,2,36,6,94,16,28
josh_fowler,6/13/2019,20,19,53,12,6,2,3,35,5,94,18,28
josh_fowler,6/14/2019,22,13,55,20,7,3,1,38,5,93,18,28
josh_fowler,6/15/2019,19,13,50,20,8,2,2,34,4,97,12,36
josh_fowler,6/16/2019,19,16,34,17,7,3,3,14,6,95,10,36
josh_fowler,6/17/2019,18,13,34,15,9,4,3,29,6,92,15,34
josh_fowler,6/18/2019,17,10,32,17,8,4,2,14,5,98,18,34
josh_fowler,6/19/2019,20,18,39,15,9,3,2,27,6,96,18,28
josh_fowler,6/20/2019,17,20,42,20,9,2,1,28,4,92,15,33
josh_fowler,6/21/2019,18,19,50,10,10,4,2,15,5,98,16,21
josh_fowler,6/22/2019,18,19,39,11,8,3,2,33,5,92,10,28
josh_fowler,6/23/2019,17,13,43,18,8,4,3,29,5,92,16,20
josh_fowler,6/24/2019,21,11,39,17,5,3,3,19,4,93,13,23
josh_fowler,6/25/2019,18,12,38,11,9,2,2,22,6,94,15,40
josh_fowler,6/26/2019,22,11,39,15,7,3,3,23,6,95,17,22
josh_fowler,6/27/2019,18,20,51,14,10,3,1,11,4,98,15,29
josh_fowler,6/28/2019,22,17,39,19,9,2,1,21,6,98,13,20
josh_fowler,6/29/2019,19,10,42,15,6,3,3,25,5,94,11,30
josh_fowler,6/30/2019,20,18,42,19,5,4,2,13,5,94,18,13
josh_fowler,7/1/2019,17,13,42,15,8,2,2,38,5,96,13,24
josh_fowler,7/2/2019,22,15,41,12,6,4,3,27,4,98,11,19
josh_fowler,7/3/2019,22,16,46,12,7,3,1,16,5,92,19,19
josh_fowler,7/4/2019,18,18,52,13,7,4,1,14,4,97,15,38
josh_fowler,7/5/2019,22,13,34,13,7,3,3,11,4,93,14,15
josh_fowler,7/6/2019,17,19,51,10,10,4,3,35,5,97,12,38
josh_fowler,7/7/2019,20,18,41,18,7,2,2,28,4,98,10,21
josh_fowler,7/8/2019,18,18,42,15,10,3,3,40,6,98,10,19
josh_fowler,7/9/2019,19,11,30,12,5,2,2,26,6,93,13,24
josh_fowler,7/10/2019,19,16,51,11,6,4,2,30,5,94,16,20
josh_fowler,7/11/2019,22,19,41,17,10,3,2,10,6,95,10,36
josh_fowler,7/12/2019,22,11,37,11,7,3,2,38,4,96,14,32
josh_fowler,7/13/2019,19,11,35,13,9,3,3,33,4,94,13,31
josh_fowler,7/14/2019,18,17,55,18,10,2,2,17,6,96,10,21
josh_fowler,7/15/2019,17,10,44,15,10,2,3,16,5,95,16,17
josh_fowler,7/16/2019,21,17,44,20,6,3,1,18,4,95,11,13
josh_fowler,7/17/2019,20,14,55,20,8,4,3,29,6,97,18,11
josh_fowler,7/18/2019,18,18,32,16,10,3,3,39,4,96,10,21
josh_fowler,7/19/2019,20,16,36,13,10,4,1,19,4,97,16,38
josh_fowler,7/20/2019,18,12,42,12,9,3,2,24,5,92,11,34
josh_fowler,7/21/2019,17,12,50,19,10,2,1,37,5,98,17,19
josh_fowler,7/22/2019,17,17,31,18,6,2,1,37,6,94,11,18
josh_fowler,7/23/2019,19,14,43,11,7,2,1,36,6,94,11,21
josh_fowler,7/24/2019,21,11,32,16,6,2,2,29,6,93,18,38
josh_fowler,7/25/2019,21,14,36,20,7,2,3,31,5,96,19,31
josh_fowler,7/26/2019,21,20,47,16,8,2,3,35,6,94,11,25
josh_fowler,7/27/2019,17,10,44,18,6,3,3,19,6,92,17,13
josh_fowler,7/28/2019,21,19,35,10,9,4,2,21,6,96,14,13
josh_fowler,7/29/2019,17,12,47,11,9,2,3,38,5,97,11,34
josh_fowler,7/30/2019,17,19,32,10,8,4,3,20,6,97,18,11
josh_fowler,7/31/2019,19,19,36,15,6,3,1,25,4,95,11,17
josh_fowler,8/1/2019,19,20,32,14,6,3,2,34,6,96,16,27
josh_fowler,8/2/2019,17,19,39,10,10,2,2,35,5,94,14,28
josh_fowler,8/3/2019,17,17,53,17,10,3,2,27,4,96,15,28
josh_fowler,8/4/2019,22,12,42,19,6,3,1,35,6,95,11,39
josh_fowler,8/5/2019,20,20,31,17,7,4,1,22,5,96,16,39
josh_fowler,8/6/2019,21,15,47,10,10,2,3,35,4,92,10,12
josh_fowler,8/7/2019,17,12,49,20,7,4,3,10,6,97,17,16
josh_fowler,8/8/2019,20,16,32,19,9,3,1,36,6,96,19,36
josh_fowler,8/9/2019,18,19,32,12,6,3,1,22,6,94,17,33
josh_fowler,8/10/2019,20,13,46,14,10,4,2,28,5,93,15,21
josh_fowler,8/11/2019,17,14,45,11,6,3,1,20,5,97,14,25
josh_fowler,8/12/2019,20,10,31,15,9,2,3,29,6,94,11,37
josh_fowler,8/13/2019,21,12,31,11,8,4,3,16,5,96,14,20
josh_fowler,8/14/2019,17,10,52,13,9,4,1,33,4,93,19,12
josh_fowler,8/15/2019,18,20,42,16,6,3,3,36,5,97,18,20
josh_fowler,8/16/2019,20,14,36,20,8,3,3,16,5,92,12,32
josh_fowler,8/17/2019,17,20,46,11,5,2,1,18,4,93,16,40
josh_fowler,8/18/2019,18,19,34,19,5,2,2,17,5,94,10,11
josh_fowler,8/19/2019,20,11,54,20,10,3,3,22,6,92,17,29
josh_fowler,8/20/2019,19,10,49,19,9,4,1,28,5,93,14,32
josh_fowler,8/21/2019,18,13,41,14,7,2,3,32,6,94,15,32
josh_fowler,8/22/2019,21,18,35,10,7,3,2,29,6,94,15,10
josh_fowler,8/23/2019,19,11,44,12,5,2,2,20,4,98,18,11
josh_fowler,8/24/2019,21,10,50,19,9,3,2,25,6,93,19,32
josh_fowler,8/25/2019,21,14,41,18,6,4,2,21,6,97,11,20
josh_fowler,8/26/2019,19,17,50,16,7,3,3,23,6,94,17,31
josh_fowler,8/27/2019,17,20,31,10,9,3,2,13,6,95,11,22
josh_fowler,8/28/2019,20,16,32,15,7,2,2,22,6,94,10,37
josh_fowler,8/29/2019,22,20,55,10,8,4,1,38,4,92,19,19
josh_fowler,8/30/2019,21,13,50,12,7,4,2,30,6,92,11,37
josh_fowler,8/31/2019,18,19,32,17,5,3,3,22,5,96,10,22
josh_fowler,9/1/2019,20,20,45,19,5,2,1,25,4,92,11,15
josh_fowler,9/2/2019,17,10,37,20,5,2,3,33,5,96,10,16
josh_fowler,9/3/2019,19,17,50,12,10,4,2,35,4,96,14,29
josh_fowler,9/4/2019,22,16,32,12,5,3,1,25,4,96,19,28
josh_fowler,9/5/2019,21,10,40,10,5,3,1,11,4,92,12,16
josh_fowler,9/6/2019,19,13,34,12,9,3,1,10,5,97,12,35
josh_fowler,9/7/2019,22,20,38,18,8,4,2,21,4,96,14,24
josh_fowler,9/8/2019,22,13,44,10,10,2,2,34,6,96,12,12
josh_fowler,9/9/2019,19,12,46,18,9,4,1,17,5,97,15,11
josh_fowler,9/10/2019,20,20,37,11,10,2,2,11,6,97,18,15
josh_fowler,9/11/2019,17,18,55,17,6,2,1,16,6,97,10,40
josh_fowler,9/12/2019,17,15,34,10,8,3,1,26,5,93,19,31
josh_fowler,9/13/2019,21,15,54,18,5,3,2,14,4,96,19,28
josh_fowler,9/14/2019,17,16,33,19,6,3,1,29,6,97,14,15
josh_fowler,9/15/2019,20,19,41,20,10,4,1,31,6,93,19,31
josh_fowler,9/16/2019,19,12,41,15,5,4,3,40,4,92,11,30
josh_fowler,9/17/2019,18,19,54,14,8,4,3,24,5,96,18,19
josh_fowler,9/18/2019,20,19,45,14,6,3,3,25,6,98,14,24
josh_fowler,9/19/2019,20,14,49,18,5,4,2,17,6,95,15,13
josh_fowler,9/20/2019,19,10,55,12,7,4,1,11,4,95,18,14
josh_fowler,9/21/2019,20,18,43,12,9,4,3,26,4,96,10,36
josh_fowler,9/22/2019,22,10,31,16,6,3,3,13,5,92,19,20
josh_fowler,9/23/2019,20,10,40,15,7,2,3,32,6,96,10,35
josh_fowler,9/24/2019,20,10,40,14,10,4,1,27,4,92,15,32
josh_fowler,9/25/2019,17,17,36,18,9,2,3,37,6,98,18,30
josh_fowler,9/26/2019,21,14,36,11,6,4,3,27,4,96,10,20
josh_fowler,9/27/2019,22,18,40,13,8,3,3,23,4,95,12,13
josh_fowler,9/28/2019,17,15,51,15,7,2,1,40,5,98,17,23
josh_fowler,9/29/2019,20,13,31,16,8,4,3,25,6,98,18,18
josh_fowler,9/30/2019,21,16,46,10,7,4,3,11,4,97,13,20
josh_fowler,10/1/2019,20,20,47,17,8,3,3,16,6,98,15,19
josh_fowler,10/2/2019,17,16,39,19,10,2,3,37,6,92,10,23
josh_fowler,10/3/2019,21,12,36,20,5,3,2,12,4,93,13,23
josh_fowler,10/4/2019,17,15,40,19,10,2,3,16,4,93,14,22
josh_fowler,10/5/2019,17,16,31,16,6,2,2,19,5,96,19,24
josh_fowler,10/6/2019,17,18,41,16,6,3,2,23,6,95,16,36
josh_fowler,10/7/2019,19,11,55,19,5,2,1,24,5,97,10,22
josh_fowler,10/8/2019,21,17,53,15,6,2,2,25,4,93,17,16
josh_fowler,10/9/2019,19,13,48,11,9,2,3,29,5,97,13,31
josh_fowler,10/10/2019,19,17,41,15,9,3,2,15,4,97,14,39
josh_fowler,10/11/2019,22,13,42,11,10,4,3,32,5,92,19,23
josh_fowler,10/12/2019,18,18,37,16,10,3,2,33,6,95,14,36
josh_fowler,10/13/2019,19,10,30,20,5,2,2,34,4,96,14,11
josh_fowler,10/14/2019,17,14,38,18,5,4,1,11,6,98,16,38
josh_fowler,10/15/2019,19,11,37,13,7,2,1,22,4,92,18,20
josh_fowler,10/16/2019,17,15,42,10,6,2,3,28,4,95,14,31
josh_fowler,10/17/2019,21,18,44,12,6,3,1,21,4,95,15,29
josh_fowler,10/18/2019,21,19,31,17,6,3,3,20,6,92,17,19
josh_fowler,10/19/2019,18,16,49,11,10,4,3,15,4,97,17,14
josh_fowler,10/20/2019,19,10,41,10,9,4,3,14,4,93,16,33
josh_fowler,10/21/2019,18,17,33,14,8,2,3,24,4,98,13,18
josh_fowler,10/22/2019,18,10,39,20,10,2,3,21,4,96,17,14
josh_fowler,10/23/2019,19,19,37,17,10,2,2,25,4,93,11,21
josh_fowler,10/24/2019,18,13,52,17,9,3,3,19,6,93,16,14
josh_fowler,10/25/2019,20,19,34,10,6,3,1,34,6,97,10,12
josh_fowler,10/26/2019,21,10,32,13,6,3,2,13,5,97,10,34
josh_fowler,10/27/2019,21,14,42,13,6,3,2,31,6,94,17,21
josh_fowler,10/28/2019,18,17,38,13,10,2,2,36,4,95,16,25
josh_fowler,10/29/2019,19,16,55,10,7,3,3,40,4,92,19,33
josh_fowler,10/30/2019,22,14,43,12,6,3,3,15,6,96,11,17
josh_fowler,10/31/2019,18,13,34,14,8,2,3,39,6,92,13,40
josh_fowler,11/1/2019,18,16,35,18,9,3,2,11,5,96,18,33
josh_fowler,11/2/2019,17,12,40,18,5,3,2,13,6,97,12,10
josh_fowler,11/3/2019,22,19,36,14,8,2,2,19,5,94,10,36
josh_fowler,11/4/2019,19,18,40,14,9,3,1,38,6,96,16,16
josh_fowler,11/5/2019,19,19,34,11,8,2,2,27,6,98,17,28
josh_fowler,11/6/2019,22,15,51,18,6,2,2,13,6,92,19,26
josh_fowler,11/7/2019,18,15,32,19,8,4,3,14,5,97,10,29
josh_fowler,11/8/2019,19,19,37,19,10,4,3,27,5,96,14,40
josh_fowler,11/9/2019,20,15,53,11,10,2,2,34,5,95,18,24
josh_fowler,11/10/2019,17,17,30,11,9,2,3,13,6,98,15,15
josh_fowler,11/11/2019,21,14,34,13,9,2,3,28,5,94,18,36
josh_fowler,11/12/2019,21,10,40,12,10,3,1,26,5,92,14,31
josh_fowler,11/13/2019,19,20,52,20,9,4,2,32,5,93,15,20
josh_fowler,11/14/2019,22,13,48,13,9,2,2,28,5,96,11,34
josh_fowler,11/15/2019,18,14,40,10,7,3,3,23,5,98,17,21
josh_fowler,11/16/2019,21,17,30,14,10,2,3,34,5,93,14,18
josh_fowler,11/17/2019,21,13,55,17,10,4,2,13,5,97,12,18
josh_fowler,11/18/2019,21,13,55,19,9,4,2,39,4,96,16,10
josh_fowler,11/19/2019,19,12,36,10,9,3,2,10,5,93,19,11
josh_fowler,11/20/2019,22,19,44,10,7,4,1,32,5,93,16,26
josh_fowler,11/21/2019,20,15,51,14,8,4,3,39,6,93,17,36
josh_fowler,11/22/2019,21,11,46,13,5,3,3,35,5,95,19,38
josh_fowler,11/23/2019,18,11,40,10,6,3,3,30,4,97,12,23
josh_fowler,11/24/2019,18,20,55,10,10,3,1,10,6,93,18,40
josh_fowler,11/25/2019,18,10,55,11,5,2,2,35,4,96,15,23
josh_fowler,11/26/2019,21,14,43,16,5,2,2,19,5,98,16,16
josh_fowler,11/27/2019,19,16,31,10,8,4,3,18,5,93,10,30
josh_fowler,11/28/2019,20,15,31,17,5,4,3,37,6,92,16,34
josh_fowler,11/29/2019,19,10,53,12,5,2,1,11,5,98,17,27
josh_fowler,11/30/2019,18,13,53,20,10,3,3,38,4,96,13,22
josh_fowler,12/1/2019,18,11,55,12,10,4,2,35,5,94,17,38
josh_fowler,12/2/2019,22,16,33,13,7,2,1,36,5,97,10,10
josh_fowler,12/3/2019,17,12,55,17,6,2,1,29,5,92,17,17
josh_fowler,12/4/2019,22,17,43,17,10,3,2,38,5,93,17,18
josh_fowler,12/5/2019,17,11,43,20,9,2,1,16,6,97,19,17
josh_fowler,12/6/2019,19,16,51,20,5,3,3,40,6,96,13,20
josh_fowler,12/7/2019,20,20,46,13,6,4,2,28,5,98,13,26
josh_fowler,12/8/2019,20,14,39,11,9,2,3,28,5,96,11,39
josh_fowler,12/9/2019,17,19,51,17,9,4,3,34,6,97,10,24
josh_fowler,12/10/2019,22,19,36,13,8,2,1,21,5,93,12,20
josh_fowler,12/11/2019,20,20,49,12,10,4,2,26,6,95,11,27
josh_fowler,12/12/2019,20,15,42,18,7,4,1,26,5,94,19,29
josh_fowler,12/13/2019,20,12,42,15,6,4,3,40,5,96,15,18
josh_fowler,12/14/2019,18,20,38,10,5,2,2,35,5,92,19,30
josh_fowler,12/15/2019,20,16,46,12,5,2,3,13,4,98,15,31
josh_fowler,12/16/2019,18,15,54,14,8,2,3,16,4,98,13,17
josh_fowler,12/17/2019,21,10,31,18,8,2,2,40,4,94,15,23
josh_fowler,12/18/2019,20,14,52,19,5,2,3,20,4,98,11,23
josh_fowler,12/19/2019,17,19,38,19,10,2,1,40,6,97,13,18
josh_fowler,12/20/2019,17,18,47,20,9,2,3,14,4,98,18,34
josh_fowler,12/21/2019,19,10,49,11,5,4,1,10,4,94,18,18
josh_fowler,12/22/2019,22,13,37,16,7,2,3,15,4,95,16,31
josh_fowler,12/23/2019,22,16,41,14,6,2,3,36,6,92,14,23
josh_fowler,12/24/2019,18,14,30,11,6,2,1,35,5,96,16,11
josh_fowler,12/25/2019,19,18,47,19,10,2,3,32,6,97,16,13
josh_fowler,12/26/2019,17,15,30,17,6,2,1,30,6,94,10,12
josh_fowler,12/27/2019,19,14,39,13,8,4,3,26,5,96,10,28
josh_fowler,12/28/2019,20,20,55,15,9,3,3,19,5,92,15,19
josh_fowler,12/29/2019,20,14,33,19,10,3,1,26,5,98,15,19
josh_fowler,12/30/2019,20,15,40,16,9,3,3,39,6,92,15,32
josh_fowler,12/31/2019,19,14,45,10,9,2,1,29,5,95,18,13
patrick_kern,4/1/2019,17,17,33,12,9,3,1,23,4,94,18,38
patrick_kern,4/2/2019,20,10,53,18,6,2,2,27,6,97,12,36
patrick_kern,4/3/2019,18,20,35,18,8,2,2,40,5,98,10,40
patrick_kern,4/4/2019,19,10,50,17,10,3,1,21,4,95,13,19
patrick_kern,4/5/2019,22,20,41,10,7,3,1,25,6,98,10,13
patrick_kern,4/6/2019,18,15,51,19,8,3,2,40,5,97,18,16
patrick_kern,4/7/2019,22,19,54,18,5,3,1,38,6,95,11,23
patrick_kern,4/8/2019,20,16,51,12,6,2,1,38,5,97,17,11
patrick_kern,4/9/2019,19,12,31,15,9,2,2,38,5,93,17,31
patrick_kern,4/10/2019,21,12,30,18,10,2,2,33,4,93,18,14
patrick_kern,4/11/2019,19,16,43,10,5,3,2,27,5,92,10,32
patrick_kern,4/12/2019,17,16,55,12,9,4,1,38,5,98,17,39
patrick_kern,4/13/2019,19,17,45,17,6,2,1,10,4,94,13,10
patrick_kern,4/14/2019,19,15,33,10,6,3,3,31,5,98,12,17
patrick_kern,4/15/2019,22,20,34,18,9,2,2,31,5,96,15,23
patrick_kern,4/16/2019,17,11,31,14,5,4,3,20,6,93,14,28
patrick_kern,4/17/2019,17,18,35,14,6,4,1,32,6,93,18,17
patrick_kern,4/18/2019,22,20,48,13,5,3,2,37,5,95,11,17
patrick_kern,4/19/2019,18,18,44,14,9,2,2,15,6,93,15,16
patrick_kern,4/20/2019,22,14,41,16,8,4,1,29,6,97,18,28
patrick_kern,4/21/2019,20,19,42,20,8,4,3,31,6,92,14,17
patrick_kern,4/22/2019,19,15,49,16,8,3,2,37,5,94,15,39
patrick_kern,4/23/2019,17,15,48,19,9,4,3,38,4,95,11,14
patrick_kern,4/24/2019,21,11,30,19,5,4,1,36,4,97,15,39
patrick_kern,4/25/2019,18,16,50,11,7,2,2,20,4,95,18,15
patrick_kern,4/26/2019,20,18,34,13,10,3,2,25,5,92,10,26
patrick_kern,4/27/2019,19,11,41,15,6,3,2,26,4,92,12,30
patrick_kern,4/28/2019,17,11,53,19,9,2,3,37,4,97,18,10
patrick_kern,4/29/2019,20,13,52,14,10,3,1,25,5,93,19,13
patrick_kern,4/30/2019,19,10,44,15,9,3,3,21,5,96,14,28
patrick_kern,5/1/2019,22,19,39,14,6,4,3,31,6,98,19,29
patrick_kern,5/2/2019,18,17,41,11,8,4,1,29,4,97,17,14
patrick_kern,5/3/2019,17,15,41,15,9,2,2,30,4,96,19,22
patrick_kern,5/4/2019,17,10,55,17,9,4,1,12,5,95,17,23
patrick_kern,5/5/2019,19,20,54,13,9,2,1,20,6,94,13,26
patrick_kern,5/6/2019,20,12,31,14,8,4,2,18,4,94,19,25
patrick_kern,5/7/2019,19,17,44,12,9,2,2,13,6,93,16,27
patrick_kern,5/8/2019,21,19,33,14,9,4,3,28,6,95,19,40
patrick_kern,5/9/2019,21,10,55,14,7,3,1,17,4,92,12,15
patrick_kern,5/10/2019,22,15,54,18,8,4,1,38,6,92,18,19
patrick_kern,5/11/2019,20,13,34,17,9,3,3,29,4,95,17,35
patrick_kern,5/12/2019,19,16,43,18,8,3,1,33,4,92,19,12
patrick_kern,5/13/2019,21,19,55,10,9,2,3,25,5,93,15,32
patrick_kern,5/14/2019,19,19,32,17,7,4,3,38,4,95,14,15
patrick_kern,5/15/2019,22,16,43,12,9,2,1,36,5,92,11,29
patrick_kern,5/16/2019,17,14,54,11,8,3,1,16,4,94,10,16
patrick_kern,5/17/2019,18,20,32,14,5,4,3,17,6,93,14,20
patrick_kern,5/18/2019,19,15,31,10,9,3,3,32,5,95,10,23
patrick_kern,5/19/2019,17,13,50,18,10,4,3,15,4,92,15,24
patrick_kern,5/20/2019,19,10,53,18,5,4,3,12,4,95,18,35
patrick_kern,5/21/2019,18,13,47,17,5,3,3,16,5,92,12,12
patrick_kern,5/22/2019,22,17,43,18,8,3,2,35,6,94,14,26
patrick_kern,5/23/2019,18,12,48,13,8,2,2,33,4,95,18,36
patrick_kern,5/24/2019,21,12,48,16,8,2,3,39,5,95,16,20
patrick_kern,5/25/2019,20,14,34,13,7,3,1,10,5,96,17,15
patrick_kern,5/26/2019,17,20,47,17,10,2,3,25,4,97,19,31
patrick_kern,5/27/2019,18,13,35,15,7,4,2,28,4,94,10,27
patrick_kern,5/28/2019,19,10,32,10,6,4,2,26,4,92,10,34
patrick_kern,5/29/2019,22,10,52,19,7,3,3,20,4,97,11,30
patrick_kern,5/30/2019,18,18,45,11,5,2,3,22,5,93,16,15
patrick_kern,5/31/2019,17,15,52,10,7,3,1,16,6,92,13,29
patrick_kern,6/1/2019,18,13,49,15,5,3,2,28,4,96,13,17
patrick_kern,6/2/2019,20,20,55,13,9,3,3,26,4,93,14,23
patrick_kern,6/3/2019,19,18,32,13,7,2,1,33,6,96,18,36
patrick_kern,6/4/2019,19,16,51,15,7,3,2,31,5,93,18,12
patrick_kern,6/5/2019,19,18,54,16,6,3,2,31,4,97,14,15
patrick_kern,6/6/2019,19,16,31,18,10,2,1,13,4,94,10,32
patrick_kern,6/7/2019,19,15,54,17,6,4,3,20,5,94,14,29
patrick_kern,6/8/2019,19,17,39,12,10,3,1,37,4,97,14,11
patrick_kern,6/9/2019,21,20,32,16,7,3,2,12,6,93,15,29
patrick_kern,6/10/2019,20,14,54,16,7,4,3,28,4,98,10,12
patrick_kern,6/11/2019,21,11,31,20,7,2,3,21,5,94,17,14
patrick_kern,6/12/2019,20,20,36,11,9,4,3,19,6,96,16,13
patrick_kern,6/13/2019,19,12,34,20,10,2,2,28,6,94,13,13
patrick_kern,6/14/2019,21,18,36,11,6,2,1,36,6,98,11,25
patrick_kern,6/15/2019,18,10,43,10,10,4,1,21,6,96,14,20
patrick_kern,6/16/2019,21,17,31,11,8,4,3,35,6,95,10,35
patrick_kern,6/17/2019,21,12,34,15,10,3,3,17,4,95,11,38
patrick_kern,6/18/2019,18,13,47,11,9,3,2,36,6,96,12,28
patrick_kern,6/19/2019,17,13,35,12,10,3,3,15,6,94,17,12
patrick_kern,6/20/2019,17,18,38,20,5,3,3,20,6,94,10,21
patrick_kern,6/21/2019,22,16,42,18,7,2,3,38,4,94,17,34
patrick_kern,6/22/2019,22,16,39,10,8,2,1,18,6,95,13,17
patrick_kern,6/23/2019,19,19,37,18,6,4,2,11,4,93,19,11
patrick_kern,6/24/2019,19,20,46,15,10,2,1,33,5,93,14,34
patrick_kern,6/25/2019,19,19,52,18,6,4,1,17,4,93,12,34
patrick_kern,6/26/2019,17,16,49,10,5,3,1,20,5,93,15,36
patrick_kern,6/27/2019,18,20,53,12,8,3,3,22,4,92,11,40
patrick_kern,6/28/2019,21,14,55,20,9,2,1,37,6,93,16,18
patrick_kern,6/29/2019,18,13,49,10,6,2,1,21,5,93,17,34
patrick_kern,6/30/2019,18,11,40,18,5,3,2,40,6,93,14,27
patrick_kern,7/1/2019,17,20,34,17,10,2,2,16,4,96,17,36
patrick_kern,7/2/2019,22,19,51,15,7,2,1,25,5,96,16,19
patrick_kern,7/3/2019,19,18,41,13,9,4,1,17,4,93,13,14
patrick_kern,7/4/2019,18,12,54,17,5,4,1,15,6,93,16,32
patrick_kern,7/5/2019,17,17,33,16,7,3,2,39,6,92,18,18
patrick_kern,7/6/2019,17,16,33,15,6,3,3,21,6,96,13,36
patrick_kern,7/7/2019,17,10,49,20,10,4,3,15,5,93,16,24
patrick_kern,7/8/2019,18,18,30,15,5,4,3,17,5,96,19,40
patrick_kern,7/9/2019,17,11,54,18,10,2,2,10,4,97,16,20
patrick_kern,7/10/2019,17,15,40,15,8,3,1,34,4,94,10,34
patrick_kern,7/11/2019,22,14,42,13,8,3,1,20,5,93,17,40
patrick_kern,7/12/2019,22,15,48,12,5,2,1,32,5,92,18,32
patrick_kern,7/13/2019,19,18,39,18,7,3,3,33,6,96,10,17
patrick_kern,7/14/2019,19,10,39,12,9,2,1,20,4,98,11,27
patrick_kern,7/15/2019,18,12,41,18,9,3,1,17,5,96,18,38
patrick_kern,7/16/2019,17,10,39,19,8,3,3,32,5,97,14,18
patrick_kern,7/17/2019,17,16,38,13,8,2,2,10,4,93,14,26
patrick_kern,7/18/2019,18,12,54,13,10,2,1,17,6,93,11,14
patrick_kern,7/19/2019,20,17,46,15,7,2,3,12,4,92,14,31
patrick_kern,7/20/2019,21,19,45,19,9,2,3,25,6,94,14,19
patrick_kern,7/21/2019,21,15,41,18,7,2,1,11,6,98,11,22
patrick_kern,7/22/2019,20,17,50,17,7,3,3,36,6,92,14,27
patrick_kern,7/23/2019,17,20,31,13,5,3,2,14,4,93,12,19
patrick_kern,7/24/2019,18,13,50,20,10,4,2,28,6,97,11,34
patrick_kern,7/25/2019,17,16,40,12,6,4,3,36,5,95,13,19
patrick_kern,7/26/2019,19,19,44,12,10,4,1,12,4,98,19,30
patrick_kern,7/27/2019,18,13,39,14,9,3,3,31,5,97,16,13
patrick_kern,7/28/2019,17,18,41,17,6,2,1,24,6,94,19,11
patrick_kern,7/29/2019,22,12,43,18,8,2,3,16,5,98,19,29
patrick_kern,7/30/2019,17,11,39,15,6,3,1,16,4,97,14,23
patrick_kern,7/31/2019,17,11,45,11,9,4,2,38,4,98,10,39
patrick_kern,8/1/2019,19,11,38,12,5,2,2,19,6,92,14,34
patrick_kern,8/2/2019,21,14,31,18,8,2,1,29,5,98,19,33
patrick_kern,8/3/2019,17,19,53,11,6,3,2,36,6,93,15,19
patrick_kern,8/4/2019,20,12,30,18,6,2,3,23,5,95,10,40
patrick_kern,8/5/2019,17,13,45,14,5,4,2,15,6,98,18,17
patrick_kern,8/6/2019,22,19,47,15,9,4,1,21,5,93,12,26
patrick_kern,8/7/2019,20,13,45,11,10,2,3,19,5,97,12,22
patrick_kern,8/8/2019,17,12,38,14,5,2,2,22,6,95,14,38
patrick_kern,8/9/2019,18,11,52,10,7,4,1,40,5,94,14,15
patrick_kern,8/10/2019,17,14,45,10,8,2,2,13,4,95,16,19
patrick_kern,8/11/2019,18,14,54,10,8,2,2,18,5,98,13,25
patrick_kern,8/12/2019,22,11,43,17,9,4,1,14,6,94,13,36
patrick_kern,8/13/2019,21,19,45,10,10,2,2,26,4,94,13,15
patrick_kern,8/14/2019,17,18,51,13,9,2,3,39,6,93,19,11
patrick_kern,8/15/2019,22,10,48,16,8,4,2,10,6,94,17,16
patrick_kern,8/16/2019,19,15,45,13,10,3,2,26,4,93,19,26
patrick_kern,8/17/2019,18,10,31,18,7,4,1,11,4,95,17,31
patrick_kern,8/18/2019,22,10,49,14,9,2,3,27,4,96,13,25
patrick_kern,8/19/2019,21,17,35,19,7,4,3,28,6,96,18,24
patrick_kern,8/20/2019,18,18,34,19,6,2,3,27,5,94,12,23
patrick_kern,8/21/2019,17,18,35,19,5,4,1,20,4,93,13,34
patrick_kern,8/22/2019,19,10,33,14,8,3,2,14,6,96,19,34
patrick_kern,8/23/2019,21,19,43,20,10,2,2,37,6,93,11,25
patrick_kern,8/24/2019,19,14,33,12,9,2,1,28,6,96,12,10
patrick_kern,8/25/2019,19,14,53,11,6,4,2,10,5,97,15,10
patrick_kern,8/26/2019,21,11,42,12,10,2,3,39,6,93,10,34
patrick_kern,8/27/2019,17,17,38,14,9,2,1,33,4,95,12,40
patrick_kern,8/28/2019,18,14,47,11,7,2,1,18,4,96,12,29
patrick_kern,8/29/2019,20,20,33,15,6,2,2,11,4,94,19,17
patrick_kern,8/30/2019,19,10,45,11,6,4,2,31,5,98,18,33
patrick_kern,8/31/2019,22,20,46,13,5,4,1,24,4,92,18,22
patrick_kern,9/1/2019,21,19,53,14,7,3,1,11,4,98,15,29
patrick_kern,9/2/2019,18,20,36,10,10,4,1,19,5,92,14,13
patrick_kern,9/3/2019,19,14,52,20,9,2,3,38,4,95,18,20
patrick_kern,9/4/2019,19,14,52,16,5,3,3,20,6,94,10,40
patrick_kern,9/5/2019,18,14,36,15,10,4,2,38,6,98,17,11
patrick_kern,9/6/2019,18,11,38,12,9,4,3,11,5,93,15,32
patrick_kern,9/7/2019,17,16,38,18,5,3,2,18,4,97,15,37
patrick_kern,9/8/2019,21,18,47,14,8,2,2,36,6,92,17,19
patrick_kern,9/9/2019,18,14,31,12,7,4,3,21,4,95,13,26
patrick_kern,9/10/2019,18,15,31,10,7,4,3,33,4,92,15,16
patrick_kern,9/11/2019,18,19,44,19,8,4,2,36,4,94,15,13
patrick_kern,9/12/2019,17,16,33,18,8,2,3,10,6,98,12,19
patrick_kern,9/13/2019,19,18,44,13,9,3,2,29,6,93,10,21
patrick_kern,9/14/2019,21,20,50,15,10,3,2,34,4,94,12,22
patrick_kern,9/15/2019,20,16,40,16,5,4,2,34,6,92,11,30
patrick_kern,9/16/2019,18,18,39,15,9,4,3,11,4,95,16,19
patrick_kern,9/17/2019,20,20,37,10,7,3,2,35,6,96,10,14
patrick_kern,9/18/2019,21,16,55,11,8,2,2,16,4,98,11,39
patrick_kern,9/19/2019,22,17,30,18,6,3,2,40,6,93,13,27
patrick_kern,9/20/2019,19,19,55,13,9,4,2,35,6,97,13,32
patrick_kern,9/21/2019,22,13,39,20,8,4,3,19,4,95,16,13
patrick_kern,9/22/2019,18,16,52,18,10,3,3,13,6,92,17,20
patrick_kern,9/23/2019,20,17,54,14,10,3,1,30,5,93,12,12
patrick_kern,9/24/2019,19,14,55,20,5,4,3,18,4,97,15,40
patrick_kern,9/25/2019,20,13,51,13,10,2,3,30,5,92,15,10
patrick_kern,9/26/2019,21,12,52,18,5,3,2,16,6,95,18,17
patrick_kern,9/27/2019,17,18,42,16,9,2,1,33,6,94,15,24
patrick_kern,9/28/2019,19,19,40,19,10,2,1,27,4,96,17,35
patrick_kern,9/29/2019,18,20,33,19,7,4,1,22,5,96,13,23
patrick_kern,9/30/2019,17,13,51,15,7,4,3,18,6,92,10,16
patrick_kern,10/1/2019,19,13,49,15,9,3,1,40,6,92,14,37
patrick_kern,10/2/2019,19,17,47,20,6,4,3,10,5,94,11,21
patrick_kern,10/3/2019,19,18,49,18,6,2,1,26,5,96,10,13
patrick_kern,10/4/2019,19,16,48,11,5,3,1,11,4,94,12,18
patrick_kern,10/5/2019,18,14,44,19,8,4,2,15,5,97,10,27
patrick_kern,10/6/2019,20,19,46,14,7,3,1,18,5,97,10,40
patrick_kern,10/7/2019,19,19,36,17,9,2,3,10,5,96,15,21
patrick_kern,10/8/2019,17,17,37,19,9,3,3,12,6,96,17,24
patrick_kern,10/9/2019,22,17,44,17,7,2,3,10,6,93,11,25
patrick_kern,10/10/2019,18,19,35,10,9,4,3,34,5,94,19,29
patrick_kern,10/11/2019,20,14,35,10,10,3,3,22,4,96,11,17
patrick_kern,10/12/2019,19,18,55,17,10,3,3,14,6,95,14,15
patrick_kern,10/13/2019,22,19,35,14,10,4,2,15,5,95,18,33
patrick_kern,10/14/2019,20,11,31,14,5,4,2,32,4,92,17,12
patrick_kern,10/15/2019,17,20,47,17,7,4,3,23,4,95,18,38
patrick_kern,10/16/2019,19,12,36,13,8,4,1,13,4,93,19,19
patrick_kern,10/17/2019,20,14,43,16,9,4,2,23,4,97,15,35
patrick_kern,10/18/2019,21,13,47,11,6,4,2,14,4,98,15,15
patrick_kern,10/19/2019,21,20,55,18,10,4,2,14,6,94,17,39
patrick_kern,10/20/2019,18,10,50,12,8,3,2,33,4,96,11,32
patrick_kern,10/21/2019,19,16,39,20,7,3,2,30,6,96,13,21
patrick_kern,10/22/2019,19,14,43,11,10,3,1,15,6,92,18,11
patrick_kern,10/23/2019,22,20,46,13,9,4,1,37,6,97,18,12
patrick_kern,10/24/2019,19,18,34,12,9,3,3,20,5,98,14,17
patrick_kern,10/25/2019,20,11,33,10,9,2,3,33,5,95,17,16
patrick_kern,10/26/2019,19,12,44,19,6,3,3,36,4,98,19,11
patrick_kern,10/27/2019,22,20,39,16,10,2,2,29,5,96,17,20
patrick_kern,10/28/2019,19,17,32,14,6,4,1,16,5,97,14,38
patrick_kern,10/29/2019,21,10,41,12,10,3,1,15,4,96,17,38
patrick_kern,10/30/2019,20,18,48,19,5,4,3,22,6,96,12,40
patrick_kern,10/31/2019,21,14,36,10,7,3,2,15,4,96,14,36
patrick_kern,11/1/2019,20,13,41,10,8,4,3,21,4,94,19,33
patrick_kern,11/2/2019,18,12,45,19,8,3,2,14,5,93,13,30
patrick_kern,11/3/2019,22,10,53,10,9,2,2,20,6,97,15,36
patrick_kern,11/4/2019,17,13,39,10,10,2,3,16,6,93,13,17
patrick_kern,11/5/2019,21,11,32,13,8,4,2,33,6,97,14,12
patrick_kern,11/6/2019,18,17,47,12,5,4,1,15,6,92,15,18
patrick_kern,11/7/2019,18,13,45,17,9,4,2,36,6,97,15,40
patrick_kern,11/8/2019,17,19,44,19,7,2,2,16,5,93,14,32
patrick_kern,11/9/2019,22,12,50,11,10,4,1,30,5,94,14,11
patrick_kern,11/10/2019,21,15,32,20,10,3,3,16,6,97,18,39
patrick_kern,11/11/2019,17,20,44,20,5,4,2,16,6,97,16,19
patrick_kern,11/12/2019,19,14,50,13,6,3,3,14,4,98,19,36
patrick_kern,11/13/2019,22,13,53,15,6,4,1,14,4,94,13,36
patrick_kern,11/14/2019,20,14,33,20,8,3,2,18,6,96,14,29
patrick_kern,11/15/2019,19,15,42,16,9,3,2,11,4,92,19,15
patrick_kern,11/16/2019,18,14,54,20,9,2,2,35,4,95,15,16
patrick_kern,11/17/2019,22,16,48,11,9,4,3,31,4,97,17,39
patrick_kern,11/18/2019,18,14,39,12,9,2,1,17,4,94,10,13
patrick_kern,11/19/2019,19,15,32,12,10,4,3,35,6,95,15,17
patrick_kern,11/20/2019,17,16,54,13,5,3,2,36,4,94,10,28
patrick_kern,11/21/2019,21,16,35,14,10,3,3,14,4,97,16,36
patrick_kern,11/22/2019,22,11,47,11,10,2,3,12,5,95,15,25
patrick_kern,11/23/2019,19,13,36,11,8,3,1,32,6,97,17,14
patrick_kern,11/24/2019,19,14,32,14,9,2,3,28,5,97,13,24
patrick_kern,11/25/2019,18,17,34,18,8,4,3,39,4,92,11,16
patrick_kern,11/26/2019,20,14,32,15,7,4,2,37,4,98,18,36
patrick_kern,11/27/2019,21,20,42,11,6,2,3,14,4,98,10,19
patrick_kern,11/28/2019,19,16,43,14,5,4,1,17,6,94,19,27
patrick_kern,11/29/2019,19,13,30,13,10,4,1,13,5,98,17,19
patrick_kern,11/30/2019,19,10,46,10,8,4,3,27,4,92,11,30
patrick_kern,12/1/2019,18,11,38,13,10,4,1,22,5,93,13,38
patrick_kern,12/2/2019,17,16,50,11,8,3,1,37,6,96,14,10
patrick_kern,12/3/2019,20,19,35,11,7,3,3,36,4,96,12,39
patrick_kern,12/4/2019,21,14,31,15,5,2,2,27,4,95,10,27
patrick_kern,12/5/2019,22,15,47,10,8,4,2,31,5,92,10,11
patrick_kern,12/6/2019,21,12,46,19,8,3,3,25,5,93,12,29
patrick_kern,12/7/2019,19,19,48,17,8,2,3,13,5,92,10,30
patrick_kern,12/8/2019,20,16,44,11,9,2,2,17,5,93,12,22
patrick_kern,12/9/2019,22,13,49,10,7,3,3,26,6,95,13,23
patrick_kern,12/10/2019,18,16,45,13,10,4,2,34,5,95,15,19
patrick_kern,12/11/2019,17,17,48,13,9,3,2,34,4,97,11,18
patrick_kern,12/12/2019,20,11,42,12,7,4,3,14,6,96,13,17
patrick_kern,12/13/2019,20,17,48,18,10,2,3,13,5,96,17,20
patrick_kern,12/14/2019,20,10,44,18,6,4,3,22,6,97,18,18
patrick_kern,12/15/2019,21,10,34,13,10,3,3,23,4,95,14,10
patrick_kern,12/16/2019,22,12,55,13,5,4,2,20,4,96,13,19
patrick_kern,12/17/2019,17,20,53,11,6,4,3,35,4,97,12,13
patrick_kern,12/18/2019,22,14,38,15,10,2,1,14,4,95,11,35
patrick_kern,12/19/2019,21,11,55,20,7,4,2,14,4,93,18,21
patrick_kern,12/20/2019,17,12,54,20,5,3,3,12,5,97,10,11
patrick_kern,12/21/2019,18,16,33,20,5,2,2,19,5,96,19,10
patrick_kern,12/22/2019,17,16,37,20,6,3,3,24,6,94,19,27
patrick_kern,12/23/2019,18,11,38,11,10,3,1,23,6,94,14,39
patrick_kern,12/24/2019,17,19,43,11,8,3,3,27,5,93,14,20
patrick_kern,12/25/2019,21,11,50,17,5,4,1,29,5,98,14,25
patrick_kern,12/26/2019,19,10,37,12,10,2,1,14,5,97,13,10
patrick_kern,12/27/2019,18,18,40,13,7,4,1,26,4,96,14,19
patrick_kern,12/28/2019,19,10,39,17,7,4,3,17,4,92,15,31
patrick_kern,12/29/2019,18,13,32,18,8,3,2,11,6,98,15,22
patrick_kern,12/30/2019,21,15,53,19,10,4,2,32,4,94,15,28
patrick_kern,12/31/2019,21,10,54,11,8,3,2,10,4,95,14,21
noah_fullerton,4/1/2019,17,12,42,17,7,4,2,31,4,92,10,37
noah_fullerton,4/2/2019,17,11,50,16,7,2,3,20,6,95,13,16
noah_fullerton,4/3/2019,21,10,44,10,5,4,3,31,5,98,11,21
noah_fullerton,4/4/2019,20,10,30,10,6,3,3,33,5,92,12,20
noah_fullerton,4/5/2019,22,20,32,12,6,2,1,18,4,92,15,34
noah_fullerton,4/6/2019,22,10,42,19,10,3,1,34,6,94,19,39
noah_fullerton,4/7/2019,20,12,47,20,10,4,1,15,4,97,19,21
noah_fullerton,4/8/2019,19,20,51,14,10,4,2,23,4,98,15,14
noah_fullerton,4/9/2019,22,19,54,15,9,4,2,14,4,96,18,20
noah_fullerton,4/10/2019,20,16,47,11,9,3,2,14,5,96,19,27
noah_fullerton,4/11/2019,17,15,31,17,7,2,3,39,4,92,11,40
noah_fullerton,4/12/2019,19,20,42,15,8,3,1,23,6,98,19,21
noah_fullerton,4/13/2019,18,20,42,19,9,4,3,34,6,93,18,24
noah_fullerton,4/14/2019,22,10,47,18,5,3,3,37,4,92,19,26
noah_fullerton,4/15/2019,20,20,34,19,9,3,3,30,5,92,19,33
noah_fullerton,4/16/2019,22,16,39,15,6,4,3,14,6,94,14,15
noah_fullerton,4/17/2019,19,15,31,18,7,4,1,29,6,93,19,27
noah_fullerton,4/18/2019,17,20,37,20,7,2,3,19,4,96,15,40
noah_fullerton,4/19/2019,18,20,31,12,9,2,2,40,4,92,16,18
noah_fullerton,4/20/2019,17,13,46,19,6,2,2,18,6,93,17,30
noah_fullerton,4/21/2019,21,12,41,12,8,4,2,27,4,95,14,18
noah_fullerton,4/22/2019,22,20,41,17,10,3,2,23,4,96,11,26
noah_fullerton,4/23/2019,20,17,40,11,9,3,2,38,5,93,15,12
noah_fullerton,4/24/2019,18,15,43,12,8,2,1,26,6,96,15,37
noah_fullerton,4/25/2019,20,11,36,16,9,4,1,23,5,97,15,32
noah_fullerton,4/26/2019,20,16,35,18,9,4,2,18,4,93,10,18
noah_fullerton,4/27/2019,20,18,54,11,6,2,2,25,4,92,19,26
noah_fullerton,4/28/2019,18,16,31,17,8,3,1,25,4,94,18,19
noah_fullerton,4/29/2019,22,14,39,19,6,3,2,35,4,97,12,12
noah_fullerton,4/30/2019,18,10,51,13,9,3,2,10,6,93,11,17
noah_fullerton,5/1/2019,20,12,43,11,10,2,2,22,4,92,18,38
noah_fullerton,5/2/2019,18,11,35,13,8,3,2,40,4,93,19,28
noah_fullerton,5/3/2019,17,13,49,10,8,4,2,26,4,93,19,27
noah_fullerton,5/4/2019,18,16,34,15,5,3,3,40,4,98,18,36
noah_fullerton,5/5/2019,20,18,46,17,7,4,3,37,5,97,13,38
noah_fullerton,5/6/2019,19,12,40,15,6,2,3,27,6,98,11,13
noah_fullerton,5/7/2019,21,18,39,16,8,3,1,16,4,98,19,22
noah_fullerton,5/8/2019,22,18,41,12,10,4,2,31,6,92,16,36
noah_fullerton,5/9/2019,20,13,35,20,6,4,1,11,6,95,19,37
noah_fullerton,5/10/2019,21,16,40,10,9,4,3,13,4,94,10,17
noah_fullerton,5/11/2019,19,19,41,13,5,4,3,34,5,93,13,29
noah_fullerton,5/12/2019,20,15,44,14,8,3,1,26,6,98,14,23
noah_fullerton,5/13/2019,21,10,45,12,5,3,3,24,5,98,16,17
noah_fullerton,5/14/2019,19,20,48,19,10,3,1,24,5,95,15,13
noah_fullerton,5/15/2019,21,19,36,18,10,4,2,16,4,98,18,11
noah_fullerton,5/16/2019,19,17,54,10,6,3,3,17,5,92,17,12
noah_fullerton,5/17/2019,20,13,31,12,6,4,3,13,6,94,19,28
noah_fullerton,5/18/2019,20,14,37,14,5,4,3,26,6,93,15,33
noah_fullerton,5/19/2019,17,14,30,14,5,3,2,18,5,94,11,38
noah_fullerton,5/20/2019,22,16,39,11,6,3,2,12,6,93,17,14
noah_fullerton,5/21/2019,20,20,50,12,9,3,2,26,5,92,10,24
noah_fullerton,5/22/2019,17,20,31,11,10,4,1,22,6,93,13,18
noah_fullerton,5/23/2019,17,14,51,20,9,2,3,37,6,98,13,10
noah_fullerton,5/24/2019,20,10,46,13,8,3,3,18,5,94,11,10
noah_fullerton,5/25/2019,17,17,52,12,6,2,1,19,4,92,10,23
noah_fullerton,5/26/2019,17,12,40,14,9,3,3,21,6,93,17,32
noah_fullerton,5/27/2019,22,13,40,20,8,4,1,23,5,97,17,14
noah_fullerton,5/28/2019,22,17,43,18,7,4,2,30,6,93,14,13
noah_fullerton,5/29/2019,20,12,49,16,10,3,2,19,5,94,17,34
noah_fullerton,5/30/2019,22,17,45,15,9,4,2,28,5,94,18,35
noah_fullerton,5/31/2019,18,15,30,20,9,3,2,37,5,96,18,23
noah_fullerton,6/1/2019,20,20,32,17,10,4,2,35,5,93,17,29
noah_fullerton,6/2/2019,18,16,32,17,5,4,3,31,6,94,19,11
noah_fullerton,6/3/2019,17,10,49,17,9,2,2,39,6,98,11,34
noah_fullerton,6/4/2019,22,12,41,17,5,4,2,39,4,96,17,27
noah_fullerton,6/5/2019,21,17,54,12,7,4,2,36,5,93,11,16
noah_fullerton,6/6/2019,17,20,38,15,10,2,2,37,4,98,17,21
noah_fullerton,6/7/2019,21,20,38,15,6,2,1,18,4,93,17,12
noah_fullerton,6/8/2019,18,16,32,13,9,2,1,13,6,92,11,33
noah_fullerton,6/9/2019,19,16,40,19,10,3,3,16,5,94,12,39
noah_fullerton,6/10/2019,22,18,32,18,10,4,1,25,6,93,10,26
noah_fullerton,6/11/2019,18,16,38,19,10,2,3,11,5,92,13,12
noah_fullerton,6/12/2019,21,12,53,19,5,4,2,28,4,93,17,37
noah_fullerton,6/13/2019,18,14,40,12,7,4,3,28,6,98,15,36
noah_fullerton,6/14/2019,20,18,48,17,9,3,2,22,6,97,17,21
noah_fullerton,6/15/2019,21,20,34,12,9,2,2,25,5,95,14,23
noah_fullerton,6/16/2019,22,13,47,19,6,4,3,23,5,92,17,21
noah_fullerton,6/17/2019,21,11,54,15,8,4,1,11,6,96,13,39
noah_fullerton,6/18/2019,21,17,33,17,6,3,1,12,5,94,15,28
noah_fullerton,6/19/2019,20,16,32,20,6,2,1,21,4,97,18,19
noah_fullerton,6/20/2019,17,15,30,12,7,2,3,25,4,93,18,34
noah_fullerton,6/21/2019,21,10,49,11,9,4,1,15,6,98,15,17
noah_fullerton,6/22/2019,18,12,41,13,9,4,3,35,6,97,13,37
noah_fullerton,6/23/2019,19,19,31,18,8,2,3,21,4,95,17,13
noah_fullerton,6/24/2019,17,13,54,15,8,2,1,35,6,93,14,16
noah_fullerton,6/25/2019,22,10,54,11,10,2,2,33,4,94,15,25
noah_fullerton,6/26/2019,18,17,33,13,10,3,2,19,4,93,10,32
noah_fullerton,6/27/2019,18,12,54,12,9,2,2,12,4,97,19,32
noah_fullerton,6/28/2019,22,17,51,16,5,4,1,13,5,97,11,28
noah_fullerton,6/29/2019,19,19,43,20,8,3,2,12,5,97,13,20
noah_fullerton,6/30/2019,21,18,46,16,6,4,3,35,6,96,16,40
noah_fullerton,7/1/2019,21,12,33,11,7,4,2,37,6,94,11,40
noah_fullerton,7/2/2019,18,18,45,15,6,2,2,35,4,97,13,19
noah_fullerton,7/3/2019,20,16,32,20,5,4,1,17,5,93,19,35
noah_fullerton,7/4/2019,21,19,35,10,6,4,2,16,5,97,11,13
noah_fullerton,7/5/2019,22,16,40,18,8,2,3,38,5,92,13,18
noah_fullerton,7/6/2019,19,10,39,13,5,2,3,11,5,93,17,36
noah_fullerton,7/7/2019,17,14,34,16,5,3,3,28,5,97,11,20
noah_fullerton,7/8/2019,22,13,30,19,5,3,2,39,6,95,10,33
noah_fullerton,7/9/2019,17,16,44,18,8,2,2,24,5,93,14,29
noah_fullerton,7/10/2019,22,19,49,20,5,3,3,32,6,93,13,11
noah_fullerton,7/11/2019,21,10,37,18,8,2,1,28,6,96,16,23
noah_fullerton,7/12/2019,18,11,41,17,7,3,1,11,4,96,11,40
noah_fullerton,7/13/2019,21,20,37,16,8,4,2,30,6,97,14,25
noah_fullerton,7/14/2019,22,10,52,13,5,3,2,10,4,92,17,39
noah_fullerton,7/15/2019,19,12,48,10,7,4,2,38,5,93,12,38
noah_fullerton,7/16/2019,18,11,48,18,8,4,2,11,5,94,15,18
noah_fullerton,7/17/2019,20,18,52,14,10,3,3,38,4,95,13,23
noah_fullerton,7/18/2019,19,11,34,18,5,2,2,29,6,96,16,15
noah_fullerton,7/19/2019,18,18,42,18,6,4,3,38,5,95,17,21
noah_fullerton,7/20/2019,21,18,42,19,5,4,3,10,4,96,16,32
noah_fullerton,7/21/2019,22,10,30,12,8,2,1,21,5,97,18,13
noah_fullerton,7/22/2019,22,16,53,12,5,3,2,35,4,96,18,32
noah_fullerton,7/23/2019,19,11,35,18,5,3,1,37,5,98,11,10
noah_fullerton,7/24/2019,20,13,37,20,7,4,2,33,4,92,12,13
noah_fullerton,7/25/2019,19,12,31,18,10,3,1,15,5,94,18,34
noah_fullerton,7/26/2019,17,20,42,17,7,3,1,14,5,98,14,36
noah_fullerton,7/27/2019,22,12,55,10,5,3,1,15,6,97,19,28
noah_fullerton,7/28/2019,22,18,46,19,5,4,1,14,5,96,17,13
noah_fullerton,7/29/2019,18,12,46,13,8,2,3,13,4,98,12,39
noah_fullerton,7/30/2019,19,16,37,10,8,4,1,25,5,96,19,26
noah_fullerton,7/31/2019,19,14,36,12,10,4,2,10,5,96,14,17
noah_fullerton,8/1/2019,18,10,49,10,10,4,3,36,5,93,16,37
noah_fullerton,8/2/2019,20,16,50,14,9,3,1,31,5,97,14,33
noah_fullerton,8/3/2019,22,17,39,12,6,4,1,19,4,96,18,13
noah_fullerton,8/4/2019,20,20,49,13,9,2,3,21,4,95,19,37
noah_fullerton,8/5/2019,22,16,46,16,6,3,2,20,5,96,12,22
noah_fullerton,8/6/2019,18,20,39,17,10,3,3,27,5,97,15,18
noah_fullerton,8/7/2019,18,20,54,11,10,4,1,40,5,95,13,22
noah_fullerton,8/8/2019,17,16,31,19,7,2,2,14,6,95,12,29
noah_fullerton,8/9/2019,17,20,30,14,8,4,2,36,5,98,14,25
noah_fullerton,8/10/2019,20,16,54,11,7,3,3,23,6,98,19,37
noah_fullerton,8/11/2019,19,11,36,13,8,3,3,20,5,94,14,29
noah_fullerton,8/12/2019,19,19,31,16,7,4,2,32,4,93,13,36
noah_fullerton,8/13/2019,21,12,38,11,9,3,3,23,5,98,13,14
noah_fullerton,8/14/2019,17,15,30,17,10,4,1,14,4,97,11,35
noah_fullerton,8/15/2019,17,17,43,15,5,3,2,20,5,97,14,28
noah_fullerton,8/16/2019,18,20,38,20,6,2,2,21,6,94,11,36
noah_fullerton,8/17/2019,20,16,33,17,7,3,2,12,5,96,18,37
noah_fullerton,8/18/2019,19,15,45,15,6,3,2,36,4,98,15,35
noah_fullerton,8/19/2019,20,16,43,18,7,3,3,30,5,97,14,16
noah_fullerton,8/20/2019,22,10,43,14,7,2,1,40,4,94,19,18
noah_fullerton,8/21/2019,20,10,33,20,5,3,2,30,4,96,15,10
noah_fullerton,8/22/2019,19,10,46,18,6,2,1,26,4,96,11,30
noah_fullerton,8/23/2019,21,13,36,18,6,2,3,34,4,97,10,19
noah_fullerton,8/24/2019,18,10,42,14,7,2,3,16,4,94,17,38
noah_fullerton,8/25/2019,21,11,33,17,6,4,2,25,6,92,10,18
noah_fullerton,8/26/2019,21,15,46,14,7,4,2,31,4,96,10,17
noah_fullerton,8/27/2019,20,16,53,10,6,2,3,27,6,97,14,37
noah_fullerton,8/28/2019,21,15,47,16,5,3,1,20,4,93,10,15
noah_fullerton,8/29/2019,21,17,40,20,6,2,3,36,5,97,12,37
noah_fullerton,8/30/2019,21,16,37,14,7,3,1,36,5,97,16,17
noah_fullerton,8/31/2019,17,20,50,17,6,2,1,25,6,94,10,38
noah_fullerton,9/1/2019,21,19,47,17,10,4,2,37,5,95,15,33
noah_fullerton,9/2/2019,22,18,42,20,9,2,3,39,5,95,18,14
noah_fullerton,9/3/2019,19,20,37,13,9,3,1,20,5,94,18,35
noah_fullerton,9/4/2019,21,18,40,11,9,2,1,23,5,95,15,13
noah_fullerton,9/5/2019,20,11,44,10,7,4,2,29,4,96,15,19
noah_fullerton,9/6/2019,20,19,37,20,7,4,2,10,6,98,15,19
noah_fullerton,9/7/2019,20,13,49,18,10,3,2,22,5,93,12,33
noah_fullerton,9/8/2019,17,18,41,19,10,3,1,21,5,92,10,34
noah_fullerton,9/9/2019,18,14,55,18,9,4,1,39,4,97,11,37
noah_fullerton,9/10/2019,21,20,42,14,10,4,1,17,4,94,18,33
noah_fullerton,9/11/2019,20,18,45,10,10,4,2,22,5,95,15,10
noah_fullerton,9/12/2019,17,18,35,17,6,3,2,18,6,94,14,38
noah_fullerton,9/13/2019,19,10,55,12,5,2,3,11,6,95,18,35
noah_fullerton,9/14/2019,19,13,47,18,8,3,3,35,4,96,17,39
noah_fullerton,9/15/2019,18,11,34,17,6,2,3,26,4,93,18,34
noah_fullerton,9/16/2019,18,10,42,16,5,4,1,31,4,98,13,12
noah_fullerton,9/17/2019,19,18,33,10,5,4,2,20,4,94,10,16
noah_fullerton,9/18/2019,17,19,49,10,7,2,1,14,6,92,15,30
noah_fullerton,9/19/2019,20,15,47,15,6,4,3,30,5,95,13,29
noah_fullerton,9/20/2019,17,12,45,17,8,4,1,18,5,94,16,22
noah_fullerton,9/21/2019,21,10,50,18,8,2,3,15,4,96,12,33
noah_fullerton,9/22/2019,18,13,53,16,8,3,1,20,4,92,17,23
noah_fullerton,9/23/2019,20,18,43,13,10,3,1,40,5,92,19,13
noah_fullerton,9/24/2019,21,11,38,15,10,2,2,31,5,94,17,34
noah_fullerton,9/25/2019,22,20,37,19,9,2,1,38,6,93,17,37
noah_fullerton,9/26/2019,22,13,42,18,7,3,3,33,5,96,15,31
noah_fullerton,9/27/2019,18,14,48,12,5,4,1,37,6,98,18,24
noah_fullerton,9/28/2019,19,11,43,14,9,4,3,29,6,94,11,39
noah_fullerton,9/29/2019,17,17,50,15,10,3,1,33,4,95,12,26
noah_fullerton,9/30/2019,18,15,48,19,8,4,2,25,4,94,10,33
noah_fullerton,10/1/2019,20,16,48,14,9,4,1,12,4,96,11,38
noah_fullerton,10/2/2019,20,15,36,13,6,3,2,23,4,94,18,35
noah_fullerton,10/3/2019,20,13,32,16,8,4,2,35,6,96,15,19
noah_fullerton,10/4/2019,21,13,49,12,9,3,2,28,4,94,18,34
noah_fullerton,10/5/2019,17,11,37,11,10,3,3,26,6,94,15,12
noah_fullerton,10/6/2019,21,17,54,15,8,2,1,32,5,93,12,15
noah_fullerton,10/7/2019,18,16,34,10,10,4,2,36,4,94,16,10
noah_fullerton,10/8/2019,21,15,36,11,7,4,1,10,5,92,13,33
noah_fullerton,10/9/2019,21,17,39,11,6,4,3,27,5,95,11,25
noah_fullerton,10/10/2019,22,19,43,17,6,4,3,12,5,98,17,39
noah_fullerton,10/11/2019,18,12,42,13,10,4,3,18,6,94,10,36
noah_fullerton,10/12/2019,17,13,30,12,5,4,3,37,6,93,14,35
noah_fullerton,10/13/2019,20,19,38,18,9,4,2,23,4,94,15,35
noah_fullerton,10/14/2019,17,12,53,12,5,2,3,39,6,97,15,29
noah_fullerton,10/15/2019,19,20,55,10,5,2,3,33,5,95,14,28
noah_fullerton,10/16/2019,21,11,30,17,5,2,3,31,5,93,11,31
noah_fullerton,10/17/2019,18,20,50,11,5,2,3,14,4,98,19,40
noah_fullerton,10/18/2019,20,17,45,13,9,3,1,36,6,96,13,35
noah_fullerton,10/19/2019,17,16,53,14,10,2,2,29,6,97,11,22
noah_fullerton,10/20/2019,18,14,50,11,6,2,2,20,4,98,14,24
noah_fullerton,10/21/2019,20,10,30,15,9,2,3,28,5,93,13,31
noah_fullerton,10/22/2019,20,20,48,15,8,3,1,19,4,93,13,27
noah_fullerton,10/23/2019,17,11,44,11,8,3,3,39,6,96,12,18
noah_fullerton,10/24/2019,17,15,45,15,7,2,3,34,4,95,13,14
noah_fullerton,10/25/2019,18,11,47,20,8,2,2,30,6,92,18,40
noah_fullerton,10/26/2019,18,18,53,15,9,4,3,35,5,97,19,26
noah_fullerton,10/27/2019,17,18,34,10,6,4,3,24,4,93,16,10
noah_fullerton,10/28/2019,22,17,35,10,10,4,1,10,4,96,14,22
noah_fullerton,10/29/2019,17,12,50,17,9,4,3,13,5,94,14,22
noah_fullerton,10/30/2019,22,15,49,19,8,4,1,25,6,98,14,32
noah_fullerton,10/31/2019,22,20,54,20,6,2,1,37,5,97,15,25
noah_fullerton,11/1/2019,21,11,36,12,5,2,3,15,6,97,18,19
noah_fullerton,11/2/2019,20,13,31,18,10,3,2,33,5,93,16,13
noah_fullerton,11/3/2019,22,20,48,13,7,4,1,11,4,97,10,20
noah_fullerton,11/4/2019,18,20,45,11,5,3,1,31,6,94,16,18
noah_fullerton,11/5/2019,21,16,54,12,5,3,2,23,5,97,13,14
noah_fullerton,11/6/2019,21,18,37,13,7,4,3,35,5,92,10,18
noah_fullerton,11/7/2019,20,14,33,20,5,3,3,31,5,97,13,32
noah_fullerton,11/8/2019,21,11,32,16,6,4,1,22,4,94,16,11
noah_fullerton,11/9/2019,19,12,36,12,9,2,3,38,6,95,14,18
noah_fullerton,11/10/2019,20,11,47,10,10,4,2,11,5,97,18,27
noah_fullerton,11/11/2019,18,15,44,14,9,4,2,13,6,93,19,38
noah_fullerton,11/12/2019,20,14,33,20,5,4,3,15,6,92,11,39
noah_fullerton,11/13/2019,17,13,40,13,9,3,3,12,6,94,16,24
noah_fullerton,11/14/2019,21,16,45,16,6,2,1,22,6,93,16,12
noah_fullerton,11/15/2019,19,14,36,12,5,3,1,13,5,95,13,14
noah_fullerton,11/16/2019,22,19,45,17,9,3,3,30,4,96,15,34
noah_fullerton,11/17/2019,21,14,35,12,10,2,1,29,4,98,11,20
noah_fullerton,11/18/2019,17,17,36,10,10,3,1,19,4,96,13,11
noah_fullerton,11/19/2019,18,14,41,11,5,4,3,23,6,94,19,15
noah_fullerton,11/20/2019,21,18,46,13,9,2,2,14,5,97,17,28
noah_fullerton,11/21/2019,22,12,43,16,10,2,3,29,5,96,17,34
noah_fullerton,11/22/2019,21,19,46,17,6,4,3,32,5,92,11,14
noah_fullerton,11/23/2019,18,15,30,19,6,3,2,12,6,98,14,10
noah_fullerton,11/24/2019,19,19,39,12,6,3,1,31,6,98,11,18
noah_fullerton,11/25/2019,18,18,41,14,5,3,1,35,5,94,17,38
noah_fullerton,11/26/2019,20,19,54,13,10,4,2,40,6,93,10,40
noah_fullerton,11/27/2019,22,14,48,12,6,4,1,22,6,97,13,20
noah_fullerton,11/28/2019,21,10,40,18,6,4,2,35,4,94,19,12
noah_fullerton,11/29/2019,19,12,32,19,9,2,2,17,4,92,10,30
noah_fullerton,11/30/2019,22,12,39,20,8,3,1,12,5,95,19,33
noah_fullerton,12/1/2019,17,16,30,14,9,3,2,31,4,98,18,14
noah_fullerton,12/2/2019,20,14,55,14,5,3,3,27,4,92,12,30
noah_fullerton,12/3/2019,19,15,38,17,7,4,2,39,4,92,16,23
noah_fullerton,12/4/2019,18,14,48,20,6,2,1,21,4,96,14,29
noah_fullerton,12/5/2019,17,18,43,15,6,2,2,35,5,92,15,11
noah_fullerton,12/6/2019,20,13,51,13,8,3,2,38,6,95,14,22
noah_fullerton,12/7/2019,18,13,48,20,7,3,1,26,6,93,15,13
noah_fullerton,12/8/2019,22,19,46,16,7,3,2,18,4,96,13,11
noah_fullerton,12/9/2019,22,17,37,18,7,3,2,12,5,93,12,28
noah_fullerton,12/10/2019,21,18,51,11,7,4,1,28,5,93,11,18
noah_fullerton,12/11/2019,21,20,49,16,5,3,3,11,4,93,14,37
noah_fullerton,12/12/2019,18,18,35,16,6,4,3,38,6,97,11,36
noah_fullerton,12/13/2019,20,14,40,10,10,3,3,26,6,95,13,38
noah_fullerton,12/14/2019,19,19,47,12,5,4,3,28,5,95,16,27
noah_fullerton,12/15/2019,18,20,55,20,7,3,2,37,5,92,12,11
noah_fullerton,12/16/2019,18,11,51,13,8,3,1,30,4,98,10,15
noah_fullerton,12/17/2019,18,17,51,20,9,4,1,36,4,93,11,16
noah_fullerton,12/18/2019,21,20,54,10,7,2,3,19,4,94,16,18
noah_fullerton,12/19/2019,20,11,39,16,10,2,2,40,5,98,11,13
noah_fullerton,12/20/2019,19,17,48,19,10,4,1,26,6,92,13,23
noah_fullerton,12/21/2019,17,16,42,17,7,2,2,28,6,96,10,17
noah_fullerton,12/22/2019,17,19,49,17,10,2,2,36,4,94,15,12
noah_fullerton,12/23/2019,19,11,45,18,8,4,2,17,6,94,16,35
noah_fullerton,12/24/2019,22,12,47,11,10,4,1,32,5,98,19,28
noah_fullerton,12/25/2019,22,15,38,18,5,4,2,26,6,94,16,33
noah_fullerton,12/26/2019,19,16,35,15,8,4,1,12,4,93,17,21
noah_fullerton,12/27/2019,17,10,45,17,7,2,1,29,4,93,16,15
noah_fullerton,12/28/2019,18,10,31,18,7,2,1,15,4,94,10,10
noah_fullerton,12/29/2019,20,16,44,18,5,4,1,21,6,93,13,38
noah_fullerton,12/30/2019,20,12,35,20,7,3,1,39,4,96,12,25
noah_fullerton,12/31/2019,17,15,55,17,6,3,1,32,6,93,10,22
wade_wellesley,4/1/2019,15,18,48,13,7,3,3,22,4,92,12,23
wade_wellesley,4/2/2019,20,13,32,19,7,2,3,30,5,94,13,24
wade_wellesley,4/3/2019,20,11,37,10,7,4,3,21,5,94,19,10
wade_wellesley,4/4/2019,22,16,36,11,7,2,3,39,6,96,17,30
wade_wellesley,4/5/2019,17,20,49,18,9,3,1,31,4,92,13,15
wade_wellesley,4/6/2019,20,16,38,17,8,4,3,11,5,93,17,37
wade_wellesley,4/7/2019,17,16,47,15,9,4,1,13,6,98,12,29
wade_wellesley,4/8/2019,21,18,43,15,10,3,3,40,4,98,18,26
wade_wellesley,4/9/2019,19,16,31,17,9,2,1,11,5,95,19,26
wade_wellesley,4/10/2019,17,14,51,16,6,2,3,23,4,98,16,33
wade_wellesley,4/11/2019,20,18,35,10,5,3,1,33,5,96,17,38
wade_wellesley,4/12/2019,17,16,46,11,5,2,1,32,4,96,13,34
wade_wellesley,4/13/2019,22,15,46,11,7,4,3,38,5,98,19,37
wade_wellesley,4/14/2019,19,18,48,18,6,4,3,12,4,93,19,29
wade_wellesley,4/15/2019,19,12,31,12,5,4,2,28,6,96,19,13
wade_wellesley,4/16/2019,21,16,38,10,7,2,3,38,5,93,12,18
wade_wellesley,4/17/2019,17,10,52,16,6,2,1,24,4,93,15,35
wade_wellesley,4/18/2019,20,13,32,11,9,4,2,36,4,92,18,24
wade_wellesley,4/19/2019,20,11,45,11,6,4,1,30,6,96,14,37
wade_wellesley,4/20/2019,22,16,48,17,8,3,2,12,5,97,12,35
wade_wellesley,4/21/2019,18,17,35,19,9,3,3,29,5,92,17,22
wade_wellesley,4/22/2019,18,10,46,16,9,4,3,24,5,96,12,13
wade_wellesley,4/23/2019,18,20,49,12,8,3,1,14,5,96,17,38
wade_wellesley,4/24/2019,20,17,38,15,5,4,1,35,6,96,16,25
wade_wellesley,4/25/2019,22,19,51,12,8,4,2,10,4,93,11,36
wade_wellesley,4/26/2019,22,10,35,13,6,4,1,18,5,92,14,37
wade_wellesley,4/27/2019,18,10,45,10,10,3,3,24,4,96,11,14
wade_wellesley,4/28/2019,22,11,51,13,10,2,2,37,5,95,10,28
wade_wellesley,4/29/2019,17,20,55,12,10,4,3,18,6,96,17,31
wade_wellesley,4/30/2019,21,11,49,20,8,2,3,20,5,94,19,20
wade_wellesley,5/1/2019,22,19,36,15,6,3,2,39,6,96,19,10
wade_wellesley,5/2/2019,18,12,47,18,9,4,3,12,5,98,16,14
wade_wellesley,5/3/2019,17,18,52,18,5,2,1,19,6,92,13,36
wade_wellesley,5/4/2019,20,14,42,17,6,4,2,11,6,98,18,13
wade_wellesley,5/5/2019,17,13,31,14,8,3,2,33,5,98,17,32
wade_wellesley,5/6/2019,17,10,40,10,9,3,2,25,4,93,17,22
wade_wellesley,5/7/2019,20,12,51,10,7,2,2,12,4,93,15,39
wade_wellesley,5/8/2019,17,17,47,19,10,3,2,14,6,98,19,12
wade_wellesley,5/9/2019,22,12,33,14,9,4,2,24,5,92,10,15
wade_wellesley,5/10/2019,22,12,49,13,9,3,1,13,5,97,10,15
wade_wellesley,5/11/2019,17,10,30,13,8,2,2,38,5,96,16,28
wade_wellesley,5/12/2019,19,16,43,18,7,3,1,37,5,94,13,32
wade_wellesley,5/13/2019,22,15,52,10,9,3,2,28,5,94,19,15
wade_wellesley,5/14/2019,21,19,47,11,7,4,3,16,6,97,19,19
wade_wellesley,5/15/2019,17,15,48,10,7,3,3,17,5,93,13,31
wade_wellesley,5/16/2019,17,13,53,17,7,2,2,12,6,95,17,10
wade_wellesley,5/17/2019,19,18,44,18,10,4,3,23,4,94,15,26
wade_wellesley,5/18/2019,19,10,47,19,5,2,2,21,5,95,10,29
wade_wellesley,5/19/2019,17,15,35,11,8,4,3,23,5,93,11,28
wade_wellesley,5/20/2019,19,11,43,10,9,3,2,37,6,95,18,12
wade_wellesley,5/21/2019,17,15,53,15,9,3,3,20,4,98,13,32
wade_wellesley,5/22/2019,18,17,41,20,7,3,2,30,5,95,19,14
wade_wellesley,5/23/2019,19,11,47,14,8,4,1,27,6,92,14,37
wade_wellesley,5/24/2019,22,20,55,10,9,3,3,25,6,96,16,40
wade_wellesley,5/25/2019,21,17,38,12,8,4,1,34,6,96,19,25
wade_wellesley,5/26/2019,18,20,33,12,5,3,2,22,6,95,19,29
wade_wellesley,5/27/2019,17,14,47,18,5,4,1,18,4,97,11,23
wade_wellesley,5/28/2019,20,20,51,16,7,2,2,22,5,92,16,24
wade_wellesley,5/29/2019,20,18,43,12,9,4,3,13,6,94,17,29
wade_wellesley,5/30/2019,18,16,36,15,7,2,2,37,4,98,13,26
wade_wellesley,5/31/2019,21,11,43,17,6,3,2,22,4,97,11,10
wade_wellesley,6/1/2019,17,11,39,12,7,2,3,38,5,95,10,16
wade_wellesley,6/2/2019,20,12,43,20,9,3,2,20,6,93,16,26
wade_wellesley,6/3/2019,20,19,43,12,7,4,3,34,4,95,15,38
wade_wellesley,6/4/2019,17,11,39,14,9,4,1,36,4,96,17,38
wade_wellesley,6/5/2019,17,14,35,14,9,2,2,29,5,94,13,34
wade_wellesley,6/6/2019,18,12,30,14,9,3,1,19,6,96,15,26
wade_wellesley,6/7/2019,19,16,45,19,7,4,3,32,4,95,10,40
wade_wellesley,6/8/2019,21,14,51,20,9,2,2,16,5,97,12,17
wade_wellesley,6/9/2019,19,13,52,12,7,3,3,11,4,96,18,11
wade_wellesley,6/10/2019,20,11,49,12,10,3,2,35,6,97,10,23
wade_wellesley,6/11/2019,21,19,30,18,7,4,1,32,6,95,15,15
wade_wellesley,6/12/2019,17,13,48,15,5,3,2,20,5,98,13,25
wade_wellesley,6/13/2019,17,15,43,15,8,2,3,22,6,98,19,18
wade_wellesley,6/14/2019,21,15,53,19,5,2,2,37,6,94,18,36
wade_wellesley,6/15/2019,21,16,44,12,10,3,2,12,5,93,16,33
wade_wellesley,6/16/2019,18,12,42,12,6,3,1,20,6,93,17,29
wade_wellesley,6/17/2019,18,17,34,12,9,4,2,12,4,97,18,33
wade_wellesley,6/18/2019,18,14,47,15,5,4,1,19,5,97,15,24
wade_wellesley,6/19/2019,21,14,51,17,10,3,3,10,4,92,18,20
wade_wellesley,6/20/2019,18,12,44,13,10,2,3,36,6,92,11,14
wade_wellesley,6/21/2019,21,13,35,13,5,2,1,11,4,98,17,17
wade_wellesley,6/22/2019,19,10,55,19,7,3,1,25,5,98,13,23
wade_wellesley,6/23/2019,21,10,45,13,5,2,1,22,4,94,19,36
wade_wellesley,6/24/2019,21,15,31,16,6,3,2,22,6,94,18,37
wade_wellesley,6/25/2019,22,13,41,10,6,4,1,26,6,96,14,12
wade_wellesley,6/26/2019,20,18,32,19,6,3,3,31,4,93,15,35
wade_wellesley,6/27/2019,21,19,33,17,9,3,1,22,6,94,16,26
wade_wellesley,6/28/2019,22,13,36,11,7,4,3,22,6,92,12,21
wade_wellesley,6/29/2019,21,20,39,17,9,2,1,17,6,94,10,29
wade_wellesley,6/30/2019,22,14,53,12,9,4,3,28,5,98,11,24
wade_wellesley,7/1/2019,19,11,39,16,7,4,1,40,6,98,14,10
wade_wellesley,7/2/2019,21,12,38,12,10,3,1,30,5,92,10,34
wade_wellesley,7/3/2019,21,10,32,13,6,3,1,36,5,98,10,20
wade_wellesley,7/4/2019,21,20,41,17,8,2,2,21,5,93,16,15
wade_wellesley,7/5/2019,18,20,48,16,6,4,1,15,6,94,11,16
wade_wellesley,7/6/2019,21,10,41,11,7,3,3,17,6,94,10,14
wade_wellesley,7/7/2019,22,12,42,17,6,3,2,18,4,97,14,15
wade_wellesley,7/8/2019,20,13,49,12,10,3,1,34,6,97,15,10
wade_wellesley,7/9/2019,19,19,44,18,7,3,2,33,5,95,18,25
wade_wellesley,7/10/2019,21,17,46,16,8,3,3,24,4,95,13,28
wade_wellesley,7/11/2019,17,17,45,12,9,3,1,37,6,93,14,37
wade_wellesley,7/12/2019,21,13,52,10,8,4,2,14,6,95,17,30
wade_wellesley,7/13/2019,21,19,42,19,8,2,2,14,4,93,11,23
wade_wellesley,7/14/2019,18,12,43,17,6,3,1,28,5,96,19,19
wade_wellesley,7/15/2019,20,12,31,17,9,4,2,13,4,97,15,21
wade_wellesley,7/16/2019,17,19,32,11,5,2,3,11,4,94,19,13
wade_wellesley,7/17/2019,21,10,55,14,7,3,1,29,4,93,15,33
wade_wellesley,7/18/2019,17,12,41,10,8,2,1,31,4,95,11,34
wade_wellesley,7/19/2019,19,11,32,19,6,3,1,34,4,97,14,26
wade_wellesley,7/20/2019,19,10,50,20,9,4,2,22,4,93,17,37
wade_wellesley,7/21/2019,21,18,37,11,5,3,2,22,6,96,19,12
wade_wellesley,7/22/2019,18,13,43,11,10,4,1,40,4,93,12,26
wade_wellesley,7/23/2019,18,19,52,12,10,3,2,17,4,92,16,27
wade_wellesley,7/24/2019,22,20,37,18,6,3,2,17,4,96,18,10
wade_wellesley,7/25/2019,22,11,39,13,8,3,2,23,4,93,11,32
wade_wellesley,7/26/2019,22,15,30,16,10,4,3,26,4,96,14,20
wade_wellesley,7/27/2019,20,16,45,11,8,3,2,30,4,95,15,28
wade_wellesley,7/28/2019,17,13,42,19,5,2,1,33,5,98,12,12
wade_wellesley,7/29/2019,21,15,54,12,6,4,3,25,4,95,18,35
wade_wellesley,7/30/2019,21,14,44,18,9,4,3,35,5,93,14,13
wade_wellesley,7/31/2019,19,17,39,16,6,2,3,19,4,94,12,36
wade_wellesley,8/1/2019,18,17,47,13,7,2,2,37,5,95,17,19
wade_wellesley,8/2/2019,20,16,55,11,7,4,2,13,6,98,15,35
wade_wellesley,8/3/2019,21,11,44,16,7,3,2,32,5,97,11,18
wade_wellesley,8/4/2019,18,11,31,18,10,3,1,36,5,97,10,23
wade_wellesley,8/5/2019,18,19,30,18,10,3,2,12,4,95,10,39
wade_wellesley,8/6/2019,22,14,35,11,5,2,1,28,4,94,12,29
wade_wellesley,8/7/2019,19,17,53,14,9,2,1,25,5,96,19,36
wade_wellesley,8/8/2019,19,14,53,18,10,4,2,33,4,97,16,38
wade_wellesley,8/9/2019,18,11,38,15,6,2,2,26,6,98,19,39
wade_wellesley,8/10/2019,20,19,47,17,7,2,2,19,4,93,18,40
wade_wellesley,8/11/2019,17,15,30,18,7,3,3,33,4,98,16,31
wade_wellesley,8/12/2019,17,13,32,10,9,4,1,21,4,92,11,21
wade_wellesley,8/13/2019,18,19,44,11,7,3,3,38,5,93,15,37
wade_wellesley,8/14/2019,22,18,43,13,10,3,2,29,4,92,17,12
wade_wellesley,8/15/2019,18,17,55,12,10,3,1,21,6,96,13,35
wade_wellesley,8/16/2019,20,19,44,20,6,4,1,19,5,94,12,40
wade_wellesley,8/17/2019,22,20,53,14,7,3,3,14,4,95,18,23
wade_wellesley,8/18/2019,20,12,43,19,5,2,2,24,5,95,10,30
wade_wellesley,8/19/2019,21,20,33,17,8,4,2,13,5,95,10,29
wade_wellesley,8/20/2019,21,14,40,10,7,4,3,34,4,98,18,34
wade_wellesley,8/21/2019,21,13,54,16,8,3,1,31,5,94,12,23
wade_wellesley,8/22/2019,17,10,37,20,8,3,1,27,4,97,14,32
wade_wellesley,8/23/2019,22,18,47,15,9,2,2,38,6,97,15,38
wade_wellesley,8/24/2019,17,12,49,14,8,3,3,31,4,92,18,14
wade_wellesley,8/25/2019,22,17,47,13,8,3,3,21,6,96,14,11
wade_wellesley,8/26/2019,21,17,33,18,5,4,3,16,4,96,14,26
wade_wellesley,8/27/2019,22,20,55,13,10,2,2,34,5,93,15,28
wade_wellesley,8/28/2019,21,14,37,15,10,3,2,40,6,94,17,23
wade_wellesley,8/29/2019,20,11,45,13,5,3,3,40,5,92,12,12
wade_wellesley,8/30/2019,17,13,47,19,6,4,3,33,4,94,16,24
wade_wellesley,8/31/2019,20,13,36,14,9,4,3,16,6,94,13,30
wade_wellesley,9/1/2019,18,18,51,17,10,4,2,28,5,95,19,18
wade_wellesley,9/2/2019,22,15,30,14,7,2,2,15,4,95,16,38
wade_wellesley,9/3/2019,22,14,43,20,5,4,3,40,4,93,19,16
wade_wellesley,9/4/2019,18,17,39,15,5,4,2,24,6,95,10,19
wade_wellesley,9/5/2019,18,17,44,19,7,2,1,13,4,97,16,23
wade_wellesley,9/6/2019,22,16,46,14,5,4,1,27,6,95,13,37
wade_wellesley,9/7/2019,18,15,52,18,9,3,2,24,6,92,19,29
wade_wellesley,9/8/2019,19,14,45,13,8,2,3,22,5,94,17,12
wade_wellesley,9/9/2019,17,18,42,13,7,2,1,31,5,94,19,31
wade_wellesley,9/10/2019,21,14,37,18,7,4,1,31,5,96,11,27
wade_wellesley,9/11/2019,20,17,40,13,10,3,1,16,6,97,17,34
wade_wellesley,9/12/2019,17,11,42,18,6,2,3,38,5,96,17,34
wade_wellesley,9/13/2019,20,20,48,19,10,4,1,15,6,94,17,35
wade_wellesley,9/14/2019,17,16,42,17,8,3,1,14,6,95,15,16
wade_wellesley,9/15/2019,17,13,32,15,8,2,2,35,6,92,13,32
wade_wellesley,9/16/2019,22,14,40,14,6,2,3,36,4,93,14,39
wade_wellesley,9/17/2019,21,18,42,15,6,2,2,17,6,97,10,12
wade_wellesley,9/18/2019,17,11,34,13,9,4,2,40,5,96,18,35
wade_wellesley,9/19/2019,22,15,42,14,9,2,3,10,5,98,17,12
wade_wellesley,9/20/2019,22,16,48,20,9,3,1,26,6,97,16,17
wade_wellesley,9/21/2019,19,20,40,13,9,4,3,31,6,96,10,20
wade_wellesley,9/22/2019,18,17,36,12,5,4,3,30,6,93,17,20
wade_wellesley,9/23/2019,22,16,47,20,8,2,1,27,5,97,14,28
wade_wellesley,9/24/2019,21,17,43,19,9,3,3,29,4,95,12,10
wade_wellesley,9/25/2019,22,17,41,17,7,4,1,18,4,96,11,14
wade_wellesley,9/26/2019,17,20,38,12,7,4,1,28,6,95,14,15
wade_wellesley,9/27/2019,17,12,44,15,10,3,3,24,6,96,11,33
wade_wellesley,9/28/2019,19,16,52,16,7,3,3,11,4,95,16,28
wade_wellesley,9/29/2019,20,15,49,19,5,3,3,16,5,94,13,23
wade_wellesley,9/30/2019,19,17,44,15,7,3,2,22,6,98,19,30
wade_wellesley,10/1/2019,18,14,31,17,6,4,3,13,6,96,15,18
wade_wellesley,10/2/2019,20,18,42,18,5,3,2,15,5,97,19,40
wade_wellesley,10/3/2019,17,17,35,10,9,4,2,13,6,95,15,29
wade_wellesley,10/4/2019,21,14,50,13,9,4,2,22,4,97,12,13
wade_wellesley,10/5/2019,20,11,30,16,9,4,3,10,6,96,10,16
wade_wellesley,10/6/2019,21,19,35,18,7,3,2,18,5,96,11,36
wade_wellesley,10/7/2019,18,18,51,14,6,3,3,11,6,94,11,13
wade_wellesley,10/8/2019,21,19,48,13,5,4,1,10,5,93,15,35
wade_wellesley,10/9/2019,17,20,43,19,7,4,1,29,6,98,15,12
wade_wellesley,10/10/2019,19,17,34,13,7,3,1,13,5,97,14,24
wade_wellesley,10/11/2019,17,19,48,17,8,4,3,39,6,97,15,25
wade_wellesley,10/12/2019,22,16,43,11,9,4,2,24,6,94,14,23
wade_wellesley,10/13/2019,21,17,49,20,5,3,1,15,4,92,19,39
wade_wellesley,10/14/2019,21,17,53,11,6,4,2,30,4,94,11,19
wade_wellesley,10/15/2019,19,11,31,14,9,4,1,15,4,97,17,14
wade_wellesley,10/16/2019,20,13,47,12,7,2,1,32,6,92,14,32
wade_wellesley,10/17/2019,18,16,39,10,8,4,3,38,6,97,15,24
wade_wellesley,10/18/2019,22,20,55,10,10,3,3,29,6,96,10,13
wade_wellesley,10/19/2019,17,11,51,12,9,3,3,11,6,95,12,11
wade_wellesley,10/20/2019,18,18,32,17,8,2,3,23,6,94,16,15
wade_wellesley,10/21/2019,22,20,33,18,8,4,1,13,4,98,15,16
wade_wellesley,10/22/2019,20,14,53,12,6,3,1,34,6,92,18,32
wade_wellesley,10/23/2019,21,12,52,14,10,4,2,40,6,92,15,21
wade_wellesley,10/24/2019,19,15,43,20,10,4,3,13,4,97,10,34
wade_wellesley,10/25/2019,19,15,37,20,7,2,3,20,4,96,12,33
wade_wellesley,10/26/2019,21,15,51,12,7,2,2,26,6,93,15,32
wade_wellesley,10/27/2019,22,18,44,18,6,3,2,35,6,98,13,36
wade_wellesley,10/28/2019,18,12,33,14,9,2,1,31,5,96,12,11
wade_wellesley,10/29/2019,18,18,38,16,7,2,3,26,5,94,14,39
wade_wellesley,10/30/2019,19,11,38,15,8,3,1,40,4,96,19,28
wade_wellesley,10/31/2019,18,14,45,11,9,2,1,32,4,93,17,37
wade_wellesley,11/1/2019,19,15,37,17,10,3,2,14,4,94,14,31
wade_wellesley,11/2/2019,21,16,44,17,8,3,2,11,6,92,12,36
wade_wellesley,11/3/2019,18,15,51,12,6,3,2,19,6,98,15,10
wade_wellesley,11/4/2019,17,12,52,15,7,3,1,11,4,94,10,18
wade_wellesley,11/5/2019,19,11,53,15,6,3,2,11,6,92,14,40
wade_wellesley,11/6/2019,21,18,36,17,8,3,1,22,6,97,18,15
wade_wellesley,11/7/2019,20,20,30,20,10,3,2,14,4,97,16,27
wade_wellesley,11/8/2019,19,15,42,16,5,3,3,33,4,92,18,38
wade_wellesley,11/9/2019,22,16,38,16,10,2,3,27,5,94,18,36
wade_wellesley,11/10/2019,17,15,43,12,10,2,2,11,6,97,17,15
wade_wellesley,11/11/2019,17,13,37,12,5,2,2,11,5,98,16,12
wade_wellesley,11/12/2019,19,10,53,14,6,4,2,10,4,98,13,17
wade_wellesley,11/13/2019,17,18,43,17,7,4,1,32,5,97,15,35
wade_wellesley,11/14/2019,22,11,50,17,7,2,3,29,4,98,16,24
wade_wellesley,11/15/2019,17,20,30,16,6,2,1,31,5,97,10,28
wade_wellesley,11/16/2019,21,11,48,16,10,3,1,38,4,92,18,37
wade_wellesley,11/17/2019,21,10,48,12,6,2,2,34,5,93,10,16
wade_wellesley,11/18/2019,21,12,34,16,7,3,3,40,5,92,14,37
wade_wellesley,11/19/2019,18,20,38,19,9,2,2,13,4,98,16,36
wade_wellesley,11/20/2019,20,12,48,12,10,3,1,14,4,96,15,39
wade_wellesley,11/21/2019,22,19,52,16,9,2,3,14,5,94,10,20
wade_wellesley,11/22/2019,19,10,43,17,9,4,3,16,6,96,15,26
wade_wellesley,11/23/2019,21,12,55,11,7,3,3,16,6,93,16,39
wade_wellesley,11/24/2019,22,20,40,14,10,2,3,34,4,94,14,35
wade_wellesley,11/25/2019,17,14,33,12,10,4,3,22,5,96,18,28
wade_wellesley,11/26/2019,18,10,44,15,7,2,3,36,6,95,16,18
wade_wellesley,11/27/2019,21,13,31,16,7,3,2,10,6,95,14,26
wade_wellesley,11/28/2019,20,10,33,10,5,4,3,14,6,93,16,40
wade_wellesley,11/29/2019,17,16,33,19,9,4,1,32,5,97,17,17
wade_wellesley,11/30/2019,22,16,42,15,6,4,1,28,5,95,11,13
wade_wellesley,12/1/2019,21,11,30,17,7,2,2,40,5,97,10,39
wade_wellesley,12/2/2019,20,13,46,12,5,3,2,10,6,94,10,23
wade_wellesley,12/3/2019,17,17,53,19,9,2,2,22,4,98,14,12
wade_wellesley,12/4/2019,21,11,31,15,9,2,2,24,4,97,11,33
wade_wellesley,12/5/2019,18,20,42,20,9,4,3,24,4,93,12,37
wade_wellesley,12/6/2019,17,15,33,12,5,3,3,14,5,93,11,12
wade_wellesley,12/7/2019,21,19,52,20,10,2,2,15,5,92,15,28
wade_wellesley,12/8/2019,21,14,33,20,10,3,1,18,6,94,11,34
wade_wellesley,12/9/2019,19,13,47,12,5,2,3,15,5,92,16,39
wade_wellesley,12/10/2019,22,10,47,20,7,2,1,19,6,92,10,15
wade_wellesley,12/11/2019,19,19,36,12,7,2,3,33,6,97,13,25
wade_wellesley,12/12/2019,17,20,50,11,10,3,1,18,6,94,19,28
wade_wellesley,12/13/2019,19,15,35,16,7,2,1,34,5,93,18,11
wade_wellesley,12/14/2019,21,14,43,16,8,3,1,39,4,93,11,22
wade_wellesley,12/15/2019,22,20,52,18,10,4,1,15,4,98,13,25
wade_wellesley,12/16/2019,21,10,49,14,8,2,1,14,6,97,15,30
wade_wellesley,12/17/2019,19,18,39,19,7,2,1,10,5,96,18,36
wade_wellesley,12/18/2019,20,13,39,10,6,3,3,38,4,98,17,12
wade_wellesley,12/19/2019,19,14,55,18,7,4,1,25,6,93,18,10
wade_wellesley,12/20/2019,20,11,46,10,9,3,3,14,4,97,14,11
wade_wellesley,12/21/2019,21,10,45,13,10,2,1,35,6,98,18,19
wade_wellesley,12/22/2019,17,10,37,11,6,3,1,27,5,97,12,38
wade_wellesley,12/23/2019,18,11,50,20,8,3,2,22,5,93,11,12
wade_wellesley,12/24/2019,21,12,43,20,8,3,2,33,5,95,15,40
wade_wellesley,12/25/2019,20,16,43,10,8,3,1,20,4,98,14,25
wade_wellesley,12/26/2019,22,20,45,17,6,4,3,19,5,94,16,23
wade_wellesley,12/27/2019,21,15,30,13,10,4,1,21,6,97,15,35
wade_wellesley,12/28/2019,20,16,32,18,8,4,1,11,4,97,10,38
wade_wellesley,12/29/2019,18,20,55,20,6,2,1,21,6,93,16,39
wade_wellesley,12/30/2019,18,13,36,18,8,4,3,27,6,96,18,24
wade_wellesley,12/31/2019,20,15,35,10,6,4,2,15,6,98,16,28
